权单内, 绢赴捞, 饭历, 侥前, 林规
绢赴捞, 侥前, 林规
权单内, 侥前, 啊傈, 林规
绢赴捞, 饭历, 侥前, 林规
权单内, 侥前, 林规
侥前
权单内, 绢赴捞, 饭历, 侥前, 林规
绢赴捞, 饭历, 林规
侥前
档辑, 权单内, 绢赴捞, 饭历
绢赴捞, 林规
绢赴捞, 饭历, 侥前, 林规
权单内, 侥前
权单内, 绢赴捞, 饭历, 侥前, 林规
权单内, 侥前, 林规
绢赴捞, 饭历, 侥前, 林规
档辑, 权单内, 绢赴捞, 饭历, 侥前, 林规
侥前
权单内, 绢赴捞, 侥前, 啊傈
权单内, 侥前, 林规
权单内, 侥前, 啊傈, 林规
饭历, 啊傈
权单内, 侥前, 林规
林规
权单内, 林规
林规
绢赴捞, 侥前
档辑, 权单内, 绢赴捞, 饭历, 侥前, 林规
绢赴捞, 饭历, 林规
权单内, 绢赴捞, 饭历, 侥前, 林规
权单内, 林规
绢赴捞, 饭历, 侥前, 林规
权单内, 绢赴捞, 饭历, 侥前, 林规
权单内, 林规
权单内, 侥前, 林规
权单内, 林规
绢赴捞, 饭历, 侥前
档辑, 权单内, 饭历
档辑, 权单内, 绢赴捞, 饭历, 侥前, 林规
林规
绢赴捞
绢赴捞, 饭历, 侥前, 林规
权单内, 绢赴捞, 侥前, 林规
权单内, 绢赴捞, 饭历, 侥前, 林规
权单内, 侥前, 林规
权单内, 侥前, 林规
权单内, 绢赴捞, 林规
权单内, 绢赴捞, 饭历, 侥前, 林规
档辑, 绢赴捞, 侥前, 林规
档辑, 权单内, 绢赴捞, 饭历, 侥前, 林规
权单内, 侥前, 林规
侥前
侥前, 林规
权单内, 绢赴捞, 饭历, 侥前, 林规
侥前, 林规
绢赴捞, 饭历, 侥前, 林规
权单内, 绢赴捞, 饭历, 侥前, 啊傈, 林规
权单内, 绢赴捞, 饭历, 侥前, 林规
权单内, 绢赴捞, 饭历, 侥前, 林规
啊傈, 林规
侥前
权单内, 侥前
绢赴捞
权单内, 绢赴捞, 饭历, 侥前, 林规
权单内, 绢赴捞, 饭历, 林规
林规
档辑
档辑, 绢赴捞, 饭历
侥前
权单内, 侥前, 林规
绢赴捞, 饭历, 侥前
绢赴捞, 饭历, 侥前
绢赴捞, 饭历, 侥前, 林规
权单内, 绢赴捞, 饭历, 侥前, 林规
侥前, 林规
林规
侥前
权单内, 绢赴捞, 饭历, 侥前, 林规
绢赴捞, 侥前, 啊傈
权单内, 绢赴捞, 饭历, 侥前, 啊傈, 林规
绢赴捞, 饭历, 侥前, 林规
权单内, 侥前, 林规
侥前
档辑, 侥前
档辑, 绢赴捞, 饭历, 侥前
权单内, 侥前
权单内, 绢赴捞
侥前
权单内, 绢赴捞, 饭历, 侥前, 林规
绢赴捞, 饭历, 侥前, 林规
权单内, 绢赴捞, 侥前
权单内, 侥前
权单内
绢赴捞, 饭历, 侥前, 林规
绢赴捞, 侥前, 林规
权单内, 侥前
权单内, 侥前
权单内, 绢赴捞, 饭历, 侥前, 林规
权单内, 林规
权单内, 绢赴捞, 饭历, 侥前, 林规
权单内, 林规
林规
权单内, 绢赴捞, 饭历, 侥前, 林规
权单内, 侥前, 林规
权单内, 绢赴捞, 饭历, 侥前, 林规
权单内, 林规
绢赴捞, 饭历
侥前, 林规
绢赴捞
档辑, 权单内, 绢赴捞, 饭历, 侥前, 林规
权单内, 饭历, 啊傈
侥前
侥前
权单内, 侥前
权单内
档辑, 权单内, 绢赴捞, 侥前, 林规
绢赴捞, 饭历, 啊傈, 林规
侥前
权单内, 侥前, 林规
权单内, 绢赴捞, 饭历, 侥前, 林规
权单内, 林规
档辑, 侥前
档辑, 绢赴捞, 饭历, 林规
档辑, 侥前
绢赴捞, 侥前
权单内, 侥前
绢赴捞, 侥前
绢赴捞, 饭历, 啊傈
权单内, 侥前
权单内, 绢赴捞, 饭历, 侥前
权单内, 绢赴捞, 侥前, 啊傈, 林规
档辑, 权单内, 侥前, 林规
绢赴捞, 饭历, 林规
权单内, 绢赴捞, 饭历, 侥前, 林规
饭历
权单内, 林规
权单内, 啊傈
档辑, 权单内, 侥前, 林规
饭历
权单内, 侥前
林规
权单内, 绢赴捞
林规
权单内, 绢赴捞, 侥前, 林规
侥前, 啊傈
侥前, 林规
权单内, 绢赴捞, 饭历, 侥前, 啊傈, 林规
绢赴捞, 饭历, 侥前, 林规
权单内
权单内, 侥前
