date,power,latitude,longitude,place
2012-06-24 1:20,2.1,37.53 N,124.56 E,인천 백령도 남남서쪽 48km 해역
2012-06-23 16:42,2.6,36.7 N,128.31 E,경북 문경시 북동쪽 17km 지역
2012-06-19 20:55,3.1,33.48 N,125.93 E,제주 제주시 고산 북서쪽 30km 해역
2012-06-14 6:15,2.1,39.68 N,126.81 E,함경남도 요덕 북서쪽 5km지역
2012-06-12 17:52,2.2,35.87 N,128.67 E,대구 수성구 동북동쪽 4km 지역
2012-06-12 13:34,2.4,37.33 N,125.27 E,인천 옹진군 연평도 남서쪽 53km 해역
2012-06-12 9:01,2.1,38.77 N,125.72 E,황해북도 송림 동북동쪽 8km 지역
2012-06-12 3:42,2.1,36.32 N,127.51 E,충북 옥천군 서북서쪽 6km 지역
2012-06-05 8:18,2.1,38.43 N,126.16 E,황해북도 평산 서북서쪽 23km 지역
2012-06-01 12:05,2.6,37.12 N,125.96 E,인천 옹진군 덕적도 서남서쪽 20km 해역
2012-06-01 8:09,2.3,35.92 N,127.61 E,전북 무주군 남남서쪽 10km 지역
2012-05-30 2:48,3.4,36.57 N,129.57 E,경북 영덕군 북동쪽 25km 해역
2012-05-16 17:50,2.7,36.23 N,128.49 E,경북 군위군 서쪽 8km 지역
2012-05-15 11:05,2.9,35.92 N,129.62 E,경북 포항시 남구 동남동쪽 25km 해역
2012-05-11 12:46,3.9,36.02 N,127.71 E,전북 무주군 동북동쪽 5km 지역
2012-05-02 5:04,2,35.76 N,126.81 E,전북 김제시 남서쪽 8km 지역
2012-05-02 1:33,3.4,33.69 N,126.04 E,제주 제주시 고산 북북서쪽 46km 해역
2012-04-20 21:11,3.1,33.43 N,127.26 E,제주 서귀포시 성산 동쪽 36km 해역
2012-04-17 13:31,2.6,35.72 N,126.51 E,전북 부안군 서쪽 20km 해역
2012-03-30 14:51,2.2,36.49 N,127.91 E,경북 상주시 서북서쪽 24km 지역
2012-03-29 0:26,2.2,35.34 N,125.95 E,전북 부안군 위도 남서쪽 43km 해역
2012-03-18 9:20,2.8,36.53 N,130.58 E,경북 영덕군 동쪽 109km 해역
2012-02-27 0:26,2.5,35.15 N,129.85 E,울산 동구 남동쪽 55km 해역
2012-02-24 9:05,3.2,35.2 N,129.93 E,울산 동구 남동쪽 57km 해역
2012-02-24 0:54,2.4,35.13 N,129.85 E,울산 동구 남동쪽 57km 해역
2012-02-21 22:30,2.5,35.13 N,129.8 E,부산 기장군 동남동쪽 54km 해역
2012-02-19 20:21,2.7,35.13 N,129.89 E,울산 동구 남동쪽 59km 해역
2012-01-24 2:41,2.2,37.12 N,125.96 E,인천 옹진군 덕적도 서남서쪽 20km 해역
2012-01-19 15:43,2.7,38.51 N,126.23 E,북한 황해북도 평산 북서쪽 24km 지역
2011-12-27 21:57,3.3,36.86 N,129.94 E,경북 울진군 동남동쪽 50km 해역
2011-12-25 0:01,2.3,37.12 N,128.99 E,강원 태백시 남쪽 5km 지역
2011-12-14 15:39,2,37.97 N,125.82 E,황해남도 해주 남동쪽 12km 지역
2011-11-30 0:37,2.5,35.98 N,126.53 E,전북 군산시 서쪽 17km 해역
2011-11-26 4:03,2.2,34.23 N,127.67 E,전남 여수시 거문도 북동쪽 40km 해역
2011-11-02 7:20,3,35.54 N,130.65 E,울산 동구 동쪽 111km 해역
2011-10-07 19:04,2.7,33.34 N,127.19 E,제주 서귀포시 성산 동쪽 29km 해역
2011-09-28 13:20,2.6,38.48 N,126.26 E,황해북도 평산 북서쪽 20km 지역
2011-09-26 22:12,3.3,34.58 N,128.12 E,경남 남해군 남동쪽 36km 해역
2011-09-25 12:59,2.6,35.58 N,125.9 E,전북 부안군 위도 서쪽 36km 해역
2011-09-21 23:59,2.6,35.91 N,125.21 E,전북 군산시 어청도 서남서쪽 72km 해역
2011-09-08 1:56,3.2,38.82 N,126.0 E,황해북도 사리원 북동쪽 19km 지역
2011-08-31 19:39,2.6,35.7 N,129.75 E,울산 동구 북동쪽 37km 해역
2011-08-20 13:22,2.2,38.46 N,127.83 E,강원(북한) 회양 남동쪽 34km 지역
2011-08-20 6:57,3,37.5 N,124.46 E,인천 백령도 남남서쪽 54km 해역
2011-08-15 6:10,3.2,38.47 N,125.63 E,황해북도 사리원 서남서쪽 12km 지역
2011-08-09 12:11,2.5,35.66 N,129.76 E,울산 동구 동북동쪽 35km 해역
2011-07-28 11:28,2.2,35.9 N,129.7 E,경북 포항시 남구 동남동쪽 35km 해역
2011-07-27 14:38,2.8,36.55 N,129.56 E,경북 영덕군 북동쪽 23km 해역
2011-07-19 14:54,2.4,37.89 N,124.67 E,인천 백령도 남쪽 7km 해역
2011-07-13 4:05,2.1,35.91 N,128.39 E,경북 성주군 동쪽 9km 지역
2011-07-05 2:13,2.3,38.58 N,126.36 E,북한 황해북도 신계 서북서쪽 18km 지역
2011-06-27 14:11,2.9,35.52 N,126.14 E,전북 부안군 위도 서남서쪽 17km 해역
2011-06-17 16:57,2.4,37.9 N,124.81 E,인천 백령도 동남동쪽 13km 해역
2011-06-17 16:38,4,37.89 N,124.81 E,인천 백령도 동남동쪽 13km 해역
2011-06-16 8:13,2.8,33.62 N,127.27 E,제주 서귀포시 성산 북동쪽 44km 해역
2011-06-15 14:21,3.7,33.71 N,127.81 E,전남 여수시 거문도 남동쪽 58km 해역
2011-06-09 15:13,2.6,35.91 N,129.7 E,경북 포항시 남구 동남동쪽 32km 해역
2011-06-08 14:21,3,35.08 N,125.3 E,전남 신안군 흑산면 북북서쪽 50km 해역
2011-06-05 22:53,2.5,36.05 N,127.53 E,충남 금산군 남남동쪽 7km 지역
2011-06-02 10:50,2.9,36.7 N,127.94 E,경북 문경시 서북서쪽 26km 지역
2011-06-02 8:09,2.9,33.59 N,127.26 E,제주 서귀포시 성산 동북동쪽 42km 해역
2011-05-29 10:22,3.2,35.58 N,128.75 E,경북 청도군 남쪽 8km 지역
2011-05-28 15:41,2.5,35.93 N,129.69 E,경북 포항시 남구 동남동쪽 31km 해역
2011-05-25 18:29,2.3,33.61 N,127.28 E,제주 서귀포시 성산 동북동쪽 31km 해역
2011-05-11 21:09,2.2,39.33 N,126.22 E,평안남도 성천 북쪽 10km 지역
2011-04-24 16:37,3.1,37.85 N,125.01 E,인천 백령도 동남동쪽 31km 해역
2011-04-11 23:48,2.8,39.13 N,125.87 E,평안남도 평성 남쪽 12km 지역
2011-04-11 6:11,3.1,37.72 N,129.07 E,강원 강릉시 동남동쪽 16km 해역
2011-04-03 1:47,2.7,35.77 N,128.53 E,대구 달성군 남남서쪽 7km 지역
2011-03-28 13:50,3.2,35.97 N,129.95 E,경북 포항시 북구 동쪽 53km 해역
2011-03-24 4:35,2.8,36.34 N,127.83 E,충북 옥천군 동쪽 23km 지역
2011-03-14 14:47,2.9,34.62 N,126.1 E,전남 신안군 남서쪽 31km 해역
2011-03-13 3:12,2.3,37.5 N,125.33 E,인천 옹진군 연평도 서남서쪽 약38km 해역
2011-03-12 8:15,2.6,37.0 N,125.27 E,충남 태안군 서격렬비도 북북서쪽 50km 해역
2011-03-11 9:57,2.5,38.51 N,127.57 E,강원(북한) 회양 남쪽 22km 지역
2011-03-06 11:04,2.9,38.66 N,125.67 E,황해북도 송림 남남동쪽 9km 지역
2011-02-27 18:50,3.5,33.65 N,125.9 E,제주 제주시 고산 북북서쪽 47km 해역
2011-02-11 19:21,2.2,37.19 N,129.06 E,강원 삼척시 남남서쪽 30km 지역
2011-01-26 22:15,2.7,33.4 N,127.33 E,제주 서귀포시 성산 동쪽 42km 해역
2011-01-21 10:56,2.2,33.7 N,127.38 E,전남 여수시 거문도 남쪽 37km 해역
2011-01-04 1:22,2,36.41 N,127.15 E,충남 공주시 남동쪽 4km 지역
2010-12-20 6:56,2.2,36.89 N,125.37 E,충남 태안군 서격렬비열도 북북서쪽 35km 해역
2010-12-19 9:11,2.6,37.31 N,129.38 E,강원 삼척시 남동쪽 24km 해역
2010-11-28 10:15,2.3,35.18 N,127.02 E,전남 담양군 남쪽 16km 지역
2010-11-27 7:51,2.8,35.95 N,129.79 E,경북 포항시 남구 동쪽 39km 해역
2010-11-20 0:07,2.7,36.83 N,126.76 E,충남 당진군 동남동쪽 13km 지역
2010-11-07 20:11,2.9,40.28 N,128.2 E,함경남도 북청 서북서쪽 11km 지역
2010-10-25 12:36,2.5,34.29 N,127.39 E,전남 고흥군 남남동쪽 37km 지역
2010-10-23 23:43,2.4,39.77 N,126.7 E,함경남도 요덕 북서쪽 19km 지역
2010-10-22 11:59,2.5,35.85 N,128.18 E,경북 성주군 남서쪽 12km 지역
2010-10-14 18:06,2.3,37.14 N,129.73 E,경북 울진군 동북동쪽 33km 해역
2010-10-07 2:33,2.8,35.87 N,129.79 E,경북 포항시 남구 동남동쪽 41km 해역
2010-10-04 23:24,2.8,37.67 N,129.7 E,강원 삼척시 동북동쪽 53km 해역
2010-09-30 2:07,2.6,33.36 N,127.24 E,제주 제주시 동남동쪽 67km 해역
2010-09-06 19:32,2.8,36.56 N,129.01 E,경북 청송군 북북서쪽 15km 지역
2010-08-28 7:35,3.2,32.9 N,126.27 E,제주 서귀포시 남남서쪽 45km 해역
2010-08-24 3:59,2.5,38.71 N,125.9 E,황해북도 송림 동쪽 23km 지역
2010-07-27 18:32,2.1,36.34 N,127.26 E,충남 공주시 남동쪽 17km 지역
2010-07-06 3:44,2.3,36.47 N,127.13 E,충남 공주시 북북동쪽 3km 지역
2010-06-28 12:19,2.1,38.75 N,126.03 E,평양 남동쪽 40km 지역
2010-06-26 4:59,2.7,32.35 N,125.88 E,제주 서귀포시 남남서쪽 116km 해역
2010-06-22 22:21,2.6,38.46 N,125.64 E,황해북도 사리원 서남서쪽 12km 지역
2010-06-11 13:02,2.1,38.78 N,126.07 E,황해북도 송림 동쪽 38km 지역
2010-05-26 15:22,2.4,37.6 N,129.68 E,강원 삼척시 동북동쪽 48km 해역
2010-05-15 14:44,2.2,36.0 N,127.84 E,전북 무주군 동쪽 16km 지역
2010-04-28 14:42,2.1,36.55 N,128.71 E,경북 안동시 남서쪽 3km 지역
2010-04-27 19:29,2.3,36.8 N,128.75 E,경북 안동시 북쪽 26km 지역
2010-04-16 19:56,2.3,38.72 N,125.97 E,황해북도 송림 동쪽 29km 지역
2010-04-13 2:14,2.5,34.02 N,125.44 E,전남 신안군 흑산면 남쪽 70km 해역
2010-04-12 1:18,2.2,34.12 N,125.66 E,전남 신안군 흑산면 남남동쪽 61km 해역
2010-04-04 12:49,2.3,38.51 N,126.06 E,황해북도 사리원 동쪽 26km 지역
2010-03-09 12:50,3.2,36.42 N,125.75 E,충남 태안군 서격렬비열도 남동쪽 28km 해역
2010-03-01 21:58,2.2,38.41 N,125.62 E,북한 황해남도 안악 남동쪽 15km 지역
2010-02-22 23:29,3,33.29 N,127.17 E,제주 서귀포시 동쪽 61km 해역
2010-02-21 21:17,2.3,36.75 N,127.1 E,충남 천안시 남서쪽 8km 지역
2010-02-16 18:53,3.2,35.65 N,130.1 E,울산 동구 동북동쪽 64km 해역
2010-02-09 18:08,3,37.45 N,126.8 E,경기 시흥시 북쪽 8km 지역
2010-02-03 20:57,2.6,33.33 N,127.19 E,제주 서귀포시 동쪽 64km 해역
2010-02-01 6:42,2.4,33.34 N,127.18 E,제주 제주시 동남동쪽 62km 해역
2010-02-01 5:00,2.3,33.3 N,127.14 E,제주 서귀포시 동쪽 59km 해역
2010-01-23 17:54,2.1,36.59 N,128.17 E,경북 상주시 북쪽 20km 지역
2010-01-10 11:58,2.1,38.8 N,126.07 E,평양(북한) 남동쪽 37km 지역
2010-01-05 20:12,2.6,36.97 N,126.52 E,충남 당진군 북서쪽 13km 지역
2009-12-26 10:55,2.2,37.87 N,124.91 E,인천 백령도 동남동쪽 22km 해역
2009-12-15 9:02,2.4,36.76 N,127.1 E,충남 아산시 동남동쪽 9km 지역
2009-12-15 7:19,2.3,38.8 N,125.94 E,황해북도 송림 동북동쪽 27km 지역
2009-12-11 13:13,2.8,33.69 N,125.64 E,제주 제주시 서북서쪽 85km 해역
2009-12-04 5:14,2.8,36.72 N,128.55 E,경북 예천군 북동쪽 11km 지역
2009-11-27 10:34,2.4,37.69 N,129.57 E,강원 동해시 동북동쪽 44km 해역
2009-11-17 5:38,2.3,36.07 N,126.93 E,전북 익산시 북쪽 14km 지역
2009-11-14 21:27,2.5,34.81 N,127.93 E,경남 남해군 남동쪽 4km 지역
2009-11-14 5:28,2.4,35.66 N,126.91 E,전북 정읍시 북동쪽 14km 지역
2009-11-05 4:31,2.7,38.42 N,124.87 E,황해남도 장연 서북서쪽 50km 해역
2009-10-16 13:12,2.3,33.4 N,127.29 E,제주시 동쪽 71km 해역
2009-10-04 12:00,2.5,39.38 N,126.05 E,평안남도 평성 북북동쪽 17km 지역
2009-10-01 21:30,2.9,38.12 N,126.02 E,황해남도 해주 동북동쪽 28km 지역
2009-08-25 23:08,2.4,37.69 N,124.55 E,인천 백령도 남남서쪽 31km 해역
2009-08-21 23:02,3.8,38.82 N,125.79 E,황해북도 송림 북동쪽 16km 지역
2009-08-17 15:24,2.4,36.54 N,129.6 E,경북 영덕군 북동쪽 24km 해역
2009-08-15 3:18,2.6,36.52 N,129.61 E,경북 영덕군 북동쪽 23km 해역
2009-07-30 9:27,2.6,35.85 N,126.29 E,전북 군산시 서남서쪽 41km 해역
2009-07-17 13:14,2.5,38.45 N,126.15 E,황해북도 평산 서북서쪽 25km 지역
2009-07-15 4:04,3,35.14 N,125.1 E,전남 신안군 흑산면 북북서쪽 61km 해역
2009-07-01 8:55,2.6,37.84 N,124.94 E,인천 백령도 남동쪽 30km 해역
2009-06-29 11:52,2.7,37.14 N,126.0 E,충남 태안군 북북서쪽 51km 해역
2009-06-28 22:07,3,35.78 N,128.29 E,경북 고령군 북북동쪽 7km 지역
2009-06-25 13:06,2.2,39.31 N,126.06 E,평안남도 성천 서북서쪽 15km 지역
2009-06-20 21:14,2.2,38.03 N,126.62 E,개성(북한) 북동쪽 8km 지역
2009-06-20 4:05,2.9,37.09 N,124.74 E,충남 태안군 서격렬비열도 북서쪽 85km 해역
2009-06-06 1:56,2.4,35.09 N,125.06 E,전남 신안군 흑산면 북북서쪽 61km 해역
2009-06-06 0:49,2.8,38.63 N,127.44 E,강원 회양(북한) 서남서쪽 16km 지역
2009-06-03 20:09,2.9,38.57 N,126.5 E,황해북도 신계 북북서쪽 9km 지역
2009-06-03 15:56,2.4,33.19 N,126.33 E,제주 서귀포시 서남서쪽 18km 해역
2009-05-31 15:24,2.3,38.6 N,126.43 E,황해북도 신계 북서쪽 14km 지역
2009-05-31 0:10,2.5,33.52 N,125.85 E,제주 제주시 서쪽 63km 해역
2009-05-26 18:59,2.2,36.57 N,129.22 E,경북 영양군 남동쪽 14km 지역
2009-05-25 18:12,2.4,36.95 N,129.33 E,경북 울진군 남서쪽 8km 지역
2009-05-15 22:41,2.4,36.59 N,126.41 E,충남 홍성군 서쪽 20km 해역
2009-05-14 20:50,2.2,36.25 N,127.13 E,충남 논산시 북쪽 11km 지역
2009-05-02 12:28,2.9,36.57 N,128.71 E,경북 안동시 서북서쪽 2km 지역
2009-05-02 7:58,4,36.56 N,128.71 E,경북 안동시 서남서쪽 2km 지역
2009-04-29 12:15,2.9,33.43 N,127.36 E,제주 제주시 동쪽 86km 해역
2009-04-21 17:44,2,35.45 N,128.22 E,경남 의령군 북북서쪽 15km 지역
2009-04-18 20:19,2.5,33.39 N,127.07 E,제주 제주시 동남동쪽 51km 해역
2009-04-14 4:51,2.5,38.45 N,125.65 E,황해북도 사리원 서남서쪽 11km 지역
2009-04-02 20:28,3,37.6 N,125.95 E,인천 강화군 서남서쪽 50km 해역
2009-03-30 5:58,2.3,36.21 N,128.08 E,경북 김천시 북쪽 8km 지역
2009-03-26 22:21,2.9,38.11 N,127.13 E,경기 연천군 동쪽 3km 지역
2009-03-26 2:32,2.3,33.38 N,127.14 E,제주 제주시 동남동쪽 58km 해역
2009-03-02 14:20,3.4,37.11 N,124.6 E,인천 백령도 남쪽 94km 해역
2009-02-26 20:53,2.2,36.94 N,129.36 E,경북 울진군 남서쪽 7km 지역
2009-02-26 15:03,2.7,35.03 N,129.59 E,부산 기장군 동남동쪽 30km 해역
2009-02-23 21:47,2.8,37.13 N,126.01 E,충남 태안군 북북서쪽 50km 해역
2009-02-19 0:01,2.3,39.72 N,126.89 E,함경남도 요덕 북북동쪽 9km 지역
2009-02-15 22:41,3,35.76 N,125.71 E,전남 영광군 북서쪽 91km 해역
2009-02-15 12:57,2.3,35.85 N,127.72 E,전북 무주군 남남동쪽 18km 지역
2009-02-12 17:46,3.2,35.26 N,127.44 E,전남 구례군 동쪽 7km 지역
2009-01-13 19:07,3,36.47 N,129.64 E,경북 영덕군 동쪽 22km 해역
2009-01-09 20:53,3.2,38.73 N,125.82 E,황해북도 사리원 북북동쪽 22km 지역
2009-01-05 2:59,2.1,33.47 N,127.64 E,제주 제주시 동쪽 75km 해역
2009-01-02 8:15,2.2,33.94 N,127.67 E,전남 고흥군 남남동쪽 82m 해역
2009-01-01 15:58,2.5,36.5 N,129.08 E,경북 청송군 북북동쪽 7km 지역
2009-01-01 6:45,2.1,36.31 N,128.35 E,경북 구미시 북쪽 22km 지역
2008-12-29 5:51,2.2,35.67 N,126.34 E,전북 부안군 서남서쪽 36km 해역
2008-12-19 21:53,2.2,37.36 N,129.83 E,경북 울진군 북동쪽 56km 해역
2008-12-19 17:53,3.5,36.49 N,129.68 E,경북 영덕군 동북동쪽 29km 해역
2008-12-18 23:38,2.3,36.47 N,129.66 E,경북 영덕군 동북동쪽 27km 해역
2008-12-11 19:31,2.7,40.38 N,126.87 E,자강도 용림(북한) 남남동쪽 14km 지역
2008-12-08 8:49,2.4,35.14 N,124.62 E,전남 신안군 흑산면 북서쪽 95km 해역
2008-12-07 18:02,2.3,37.79 N,125.02 E,황해남도 옹진 서남서쪽 34km 해역
2008-12-07 2:28,2.4,36.45 N,129.56 E,경북 영덕군 동북동쪽 18km 해역
2008-11-11 23:37,2.5,38.56 N,125.66 E,황해북도 사리원 북서쪽 11km 지역
2008-11-11 21:30,3,38.55 N,125.67 E,황해북도 사리원 서북서쪽 9km 지역
2008-11-11 21:20,3,38.54 N,125.65 E,황해북도 사리원 서북서쪽 10km 지역
2008-11-05 18:12,2.3,37.07 N,129.11 E,경북 봉화군 동북동쪽 38km 지역
2008-10-29 9:26,3.4,36.35 N,127.25 E,충남 공주시 남동쪽 15km 지역
2008-10-08 11:04,2.1,38.12 N,127.11 E,경기 연천군 북동쪽 4km 지역
2008-09-20 11:24,2.8,34.11 N,125.02 E,전남 신안군 흑산면 남서쪽 73km 해역
2008-09-13 12:05,2.5,35.6 N,126.99 E,전북 정읍시 동북동쪽 12km 지역
2008-09-11 10:46,2.4,38.08 N,127.12 E,경기 연천군 동남동쪽 4km 지역
2008-09-08 15:35,2.6,34.57 N,128.25 E,경남 통영시 남남서쪽 36km 해역
2008-09-04 0:44,3,35.13 N,125.04 E,전남 신안군 흑산면 북서쪽 66km 해역
2008-08-20 14:45,2.2,35.72 N,125.69 E,전남 영광군 서북서쪽 90km 해역
2008-07-27 21:48,2.2,34.45 N,128.08 E,경남 남해군 남남동쪽 46km 해역
2008-07-27 17:13,2.4,39.4 N,126.03 E,평안남도 평성 북동쪽 23km 지역
2008-07-23 19:29,3.2,34.49 N,128.04 E,경남 남해군 남남동쪽 41km 해역
2008-07-22 23:11,2.5,35.31 N,129.74 E,울산 동구 남동쪽 36km 해역
2008-07-04 20:48,2.5,39.3 N,127.19 E,함경남도 고원 남남서쪽 15km 지역
2008-07-04 19:39,2.1,39.26 N,127.22 E,함경남도 고원 남쪽 18km 지역
2008-07-01 16:32,2.3,35.54 N,128.82 E,경남 밀양시 북동쪽 8km 지역
2008-06-30 3:34,2.3,35.1 N,124.66 E,전남 신안군 흑산면 북서쪽 89km 해역
2008-06-21 23:30,2.2,35.57 N,128.6 E,경남 밀양시 북서쪽 17km 지역
2008-05-31 21:59,4.2,33.5 N,125.69 E,제주 제주시 서쪽 78km 해역
2008-05-26 11:01,2.6,35.85 N,130.01 E,경북 포항시 남구 동남동쪽 61km 해역
2008-03-27 16:29,2.8,37.78 N,126.4 E,인천 강화군 서북서쪽 9km 지역
2008-03-21 23:57,2.7,35.15 N,124.57 E,전남 신안군 흑산면 북서쪽 99km 해역
2008-03-15 1:38,2,38.11 N,127.1 E,경기 연천군 북동쪽 3km 지역
2008-03-09 18:07,2.2,38.75 N,125.84 E,황해북도 송림 동쪽 18km 지역
2008-03-08 18:05,2,35.66 N,128.8 E,경북 청도군 동북동쪽 6km 지역
2008-02-29 15:53,3.2,38.75 N,126.23 E,황해북도 신계 북서쪽 38km 지역
2008-02-29 5:37,2.4,33.57 N,126.54 E,제주 제주시 북쪽 8km 해역
2008-02-26 23:22,2.5,35.97 N,126.56 E,전북 군산시 서쪽 14km 해역
2008-02-26 9:10,2.6,37.95 N,124.85 E,인천 백령도 동쪽 15km 해역
2008-02-23 18:19,2.2,35.82 N,129.33 E,경북 경주시 동쪽 11km 지역
2008-02-05 10:06,2.3,38.41 N,125.9 E,황해북도 사리원 남동쪽 16km 지역
2008-01-16 19:58,3.9,35.65 N,125.37 E,충남 태안군 서격렬비열도 남쪽 107km 해역
2008-01-14 18:03,2.2,36.19 N,127.54 E,충남 금산군 북북동쪽 10km 지역
2008-01-10 22:51,2.2,35.09 N,125.06 E,전남 신안군 흑산면 북서쪽 62km 해역
2008-01-01 6:33,3.2,40.41 N,127.25 E,함경남도 장진 북북동쪽 3km 지역
2007-12-28 4:03,2.7,34.98 N,129.64 E,부산 해운대구 동남동쪽 48km 해역
2007-12-22 9:54,2.6,38.63 N,125.5 E,북한 황해남도 안악군 북쪽 14km 지역
2007-12-16 0:04,2.2,35.62 N,127.8 E,경남 함양군 북북동쪽 14km 지역
2007-11-19 5:51,2.1,34.78 N,126.48 E,전남 영암군 서쪽 20km 지역
2007-10-29 2:32,2.5,36.62 N,128.42 E,경북 예천군 남서쪽 5km 지역
2007-10-17 20:06,2.1,36.43 N,129.57 E,경북 영덕군 동쪽 18km 해역
2007-10-16 14:59,2.9,37.45 N,128.97 E,강원 동해시 서남서쪽 15km 지역
2007-10-13 4:13,2.1,36.44 N,129.63 E,경북 영덕군 동쪽 24km 해역
2007-10-08 22:36,2.2,38.9 N,125.76 E,북한 평양시 남쪽 13km 지역
2007-10-06 9:08,2.5,35.59 N,125.96 E,전남 영광군 북서쪽 61km 해역
2007-10-04 23:56,2.9,36.43 N,129.55 E,경북 영덕군 동쪽 16km 해역
2007-10-01 1:02,2.2,36.44 N,129.54 E,경북 영덕군 북동쪽 16km 해역
2007-09-24 0:24,2.6,36.45 N,129.61 E,경북 영덕군 둥북동쪽 22km 지역
2007-09-17 1:16,3,36.45 N,129.69 E,경북 영덕군 동쪽 29km 해역
2007-09-12 6:50,2.7,36.46 N,129.47 E,경북 영덕군 동북동쪽 11km 해역
2007-08-30 16:12,2.9,38.69 N,125.64 E,북한 황해북도 송림시 남쪽 5km 지역
2007-08-18 15:09,2.5,35.99 N,125.78 E,충남 태안군 서격렬비열도 남남동쪽 71km 해역
2007-08-12 4:52,2.1,36.05 N,127.74 E,충북 영동군 남남서쪽 14km 지역
2007-08-07 18:39,2.4,37.23 N,128.8 E,강원 정선군 남동쪽 20km 지역
2007-07-27 1:37,2.1,39.16 N,126.65 E,북한 강원 원산시 서쪽 67km 지역
2007-07-22 13:49,2.6,36.88 N,126.66 E,충남 당진군 동남동쪽 3km 지역
2007-07-19 21:01,2.2,37.08 N,129.01 E,강원 태백시 남남동쪽 8km 지역
2007-07-08 19:28,2.3,37.37 N,129.66 E,강원 삼척시 동남동쪽 44km 해역
2007-06-26 0:01,2.2,35.61 N,130.15 E,울산 동구 동쪽 82km 해역
2007-05-28 0:51,2.1,35.23 N,128.57 E,경남 마산시 북쪽 3km 지역
2007-05-26 19:59,2.5,36.1 N,125.05 E,충남 태안군 서격렬비열도 서남서쪽 63km 해역
2007-05-19 7:53,2.4,36.57 N,129.0 E,경북 영양군 서남서쪽 14Km 지역
2007-05-16 4:56,2.5,35.72 N,129.22 E,경북 경주시 남쪽 8km 지역
2007-05-13 16:22,2.2,35.92 N,128.01 E,경북 김천시 남남서쪽 18km 지역
2007-05-11 5:51,2.1,35.55 N,129.91 E,울산 동구 동쪽 55km 해역
2007-05-03 18:24,2.1,36.6 N,127.83 E,충북 보은군 북동쪽 13km 지역
2007-05-03 12:24,2.2,36.13 N,127.85 E,충북 영동군 동남동쪽 8km 지역
2007-04-25 8:36,2,36.94 N,126.53 E,충남 당진군 서북서쪽 12km 해역
2007-04-01 22:16,2.3,38.58 N,125.63 E,북한 황해북도 사리원 북서쪽 14km 지역
2007-03-28 2:47,2.8,38.64 N,125.6 E,북한 황해남도 안악 북동쪽 15km 지역
2007-03-15 5:30,2.9,36.18 N,127.97 E,경북 김천시 서북서쪽 14km 지역
2007-03-10 18:18,2,37.21 N,128.85 E,강원 태백시 서북서쪽 16km 지역
2007-02-06 0:35,2.2,35.13 N,129.41 E,부산 기장군 동남동쪽 22km 해역
2007-01-24 16:31,2.4,38.62 N,125.59 E,북한 황해도 안악 북동쪽 13km 지역
2007-01-20 20:56,4.8,37.68 N,128.59 E,강원 평창군 도암면-진부면 경계지역
2007-01-19 9:06,2,37.69 N,128.57 E,강원 정선군 북북서쪽 24km 지역
2007-01-06 5:47,2.4,39.11 N,127.98 E,북한 강원 원산시 동쪽 61km 해역
2006-12-28 9:44,2.2,36.11 N,128.11 E,경북 김천시 남동쪽 2km 지역
2006-12-20 1:18,2.1,37.14 N,129.9 E,경북 울진군 동쪽 약 56km 해역
2006-12-10 1:39,2.5,33.06 N,126.22 E,제주시 서귀포시 서남서쪽 35km 해역
2006-12-04 0:51,2.7,36.46 N,127.92 E,충북 보은군 동쪽 21km 지역
2006-11-26 3:05,2.4,34.14 N,127.48 E,전남 고흥군 남동쪽 38km 해역
2006-11-12 8:19,2.9,38.59 N,125.12 E,황해남도 장연 북쪽 22km 지역
2006-11-11 1:16,2.4,35.97 N,127.45 E,충남 금산군 남남서쪽 10km 지역
2006-10-25 18:14,2.6,33.36 N,125.75 E,제주도 제주시 서쪽 84km 해역
2006-10-22 14:09,2.2,37.13 N,125.98 E,충남 태안군 북서쪽 44km 해역
2006-10-16 14:12,2.4,37.35 N,124.88 E,인천광역시 백령도 남남동쪽 44km 해역
2006-10-04 5:29,2.2,36.67 N,127.67 E,충북 청원군 동쪽 20km 지역
2006-09-29 23:07,3.4,34.1 N,124.9 E,전남 신안군 흑산면 서남서쪽 73km 해역
2006-09-20 14:15,2.1,34.62 N,128.81 E,경남 거제시 남동쪽 27km 해역
2006-09-20 0:03,2.6,35.92 N,129.56 E,경북 포항시 남구 동남동쪽 23km 해역
2006-08-26 7:44,2.2,37.21 N,128.81 E,강원 태백시 서쪽 20km 지역
2006-08-09 8:16,2.3,35.7 N,124.8 E,충남 태안군 서격렬비열도 남서쪽 100km 해역
2006-08-07 14:18,2.8,35.6 N,124.63 E,전남 신안군 흑산면 서북서쪽 111km 해역
2006-08-01 12:57,2,35.74 N,127.82 E,경남 거창군 서북서쪽 11km 지역
2006-07-26 2:50,2,35.8 N,127.88 E,경남 거창군 북북서쪽 9km 지역
2006-07-25 23:29,2.5,35.79 N,127.89 E,경남 거창군 북북서쪽 8km 지역
2006-07-24 2:44,2,37.17 N,126.32 E,충남 서산시 북북서쪽 30km 해역
2006-07-18 14:49,2,36.13 N,126.65 E,충남 서천군 북서쪽 6km 지역
2006-06-01 11:58,2.4,34.6 N,128.16 E,경남 남해군 동남동쪽 34km 해역
2006-05-08 6:59,2.4,36.22 N,129.54 E,경북 포항시 북구 북동쪽 23km 해역
2006-04-30 9:50,2.5,37.05 N,129.84 E,경북 울진군 동쪽 49km 해역
2006-04-29 11:01,3.5,37.09 N,129.92 E,경북 울진군 동쪽 58km 해역
2006-04-29 1:01,2.5,37.07 N,129.81 E,경북 울진군 동쪽 46km 해역
2006-04-28 23:54,2.5,37.12 N,129.93 E,경북 울진군 동쪽 59km 해역
2006-04-28 23:47,3,37.09 N,129.92 E,경북 울진군 동쪽 58km 해역
2006-04-19 16:18,2.1,37.01 N,129.82 E,경북 울진군 동쪽 46km 해역
2006-04-19 16:01,2.4,37.1 N,129.92 E,경북 울진군 동쪽 58km 해역
2006-04-19 10:57,2.5,37.1 N,129.91 E,경북 울진군 동쪽 57km 해역
2006-04-19 9:49,3,37.05 N,129.96 E,경북 울진군 동쪽 62km 해역
2006-04-19 9:35,2.4,37.07 N,129.93 E,경북 울진군 동쪽 59km 해역
2006-04-13 1:09,2.8,34.74 N,125.01 E,전남 신안군 흑산면 서쪽 약 52km 해역
2006-04-03 18:14,3.3,38.68 N,125.96 E,황해도 사리원 동북동쪽 24km지역
2006-04-02 0:04,2,35.38 N,127.22 E,전북 순창군 동쪽 9km 지역
2006-03-26 7:54,2.4,35.66 N,126.26 E,전남 영광군 북서쪽 약 38km 해역
2006-03-23 7:42,2.5,38.32 N,127.3 E,강원도 철원군 북쪽 약 12km 지역
2006-03-19 14:03,2,36.33 N,127.34 E,대전 유성구 남서쪽 3km 지역
2006-03-19 13:59,2.9,36.34 N,127.36 E,대전 서구 서남서쪽 2km 지역
2006-03-15 4:36,2.4,38.19 N,125.94 E,황해도 해주 동북동쪽 약 27km 지역
2006-03-11 4:52,2.1,37.13 N,126.0 E,충남 태안군 북서쪽 약 42km 해역
2006-03-10 5:57,2.5,33.3 N,127.15 E,제주 남제주군 동쪽 65km해역
2006-02-28 18:52,2.3,36.22 N,127.66 E,충북 옥천군 동남동쪽 11 km 지역
2006-02-28 0:11,2.3,35.81 N,127.89 E,경남 거창군 북북서쪽 약 9km 지역
2006-02-14 3:32,3,38.67 N,126.03 E,황해도 사리원 동북동쪽 31km 지역
2006-01-21 11:29,2.1,36.33 N,127.26 E,대전 유성구 서쪽 11km 지역
2006-01-19 22:53,2,37.19 N,128.77 E,강원 정선군 동남동쪽 14 km 지역
2006-01-19 12:35,3.2,37.21 N,128.8 E,강원 영월군 동쪽 20km 지역
2005-12-25 3:58,2.4,34.74 N,127.22 E,전남 보성군 동쪽 약 16km 지역
2005-12-18 0:00,2.2,34.64 N,127.61 E,전남 여수시 남남서쪽 약 9km 지역
2005-12-07 18:02,2.2,36.63 N,127.77 E,충북 보은군 북북동쪽 약 11km 지역
2005-11-27 11:47,3.1,38.35 N,123.99 E,인천광역시 백령도 서북서쪽 약 80km 해역
2005-11-15 9:10,3,37.2 N,128.79 E,강원 영월군 동쪽 약 19km 지역
2005-11-06 12:52,2.2,35.98 N,128.13 E,경북 김천시 남남동쪽 약 11km 지역
2005-10-23 1:02,2.5,34.97 N,127.07 E,전남 화순군 동남동쪽 약 11km 지역
2005-10-21 12:00,3,37.89 N,125.01 E,인천광역시 백령도 동쪽 약 37km 해역
2005-10-13 11:22,2.5,36.95 N,129.43 E,경북 울진군 남동쪽 약 4km 해역
2005-10-10 8:51,3.4,37.93 N,124.9 E,인천광역시 백령도 동쪽 약 25km 해역
2005-10-03 19:18,2.1,35.62 N,129.4 E,울산광역시 북구 동북동쪽 약 6km 지역
2005-09-07 17:11,2.1,37.09 N,127.86 E,충북 음성군 동북동쪽 약 22km 지역
2005-08-31 12:58,2.1,37.12 N,129.7 E,경북 울진 동북동쪽 약 35km 해역
2005-08-25 19:33,2.2,36.75 N,126.3 E,충남 태안군 북동쪽 약 2km 지역
2005-08-24 5:06,3.5,34.06 N,126.95 E,전남 완도군 동남동쪽 약 31km 해역
2005-07-30 3:01,3.1,34.14 N,127.47 E,전남 고흥군 남남동쪽 약 38km 해역
2005-06-30 0:25,3.1,36.66 N,129.63 E,경북 영덕 동북동쪽 약 35km 해역
2005-06-29 23:18,4,34.5 N,129.05 E,경남 거제 동남동쪽 약 54km 해역
2005-06-20 15:31,3,38.81 N,125.57 E,평양 남서쪽 약 20km 지역
2005-06-15 7:37,3,33.0 N,126.15 E,제주도 서귀포시 서남서쪽 약 48km 해역
2005-06-15 7:07,3.7,33.15 N,126.14 E,제주도 서귀포시 서쪽 약 41km 해역
2005-06-10 21:14,2.5,36.78 N,128.48 E,경북 예천군 북북동쪽 약 9km 지역
2005-06-10 12:49,2.4,36.73 N,128.48 E,경북 예천 북북동쪽 약 6km 지역
2005-06-08 0:07,2.5,37.51 N,124.76 E,인천광역시 백령도 남동쪽 약 30km 해역
2005-05-15 7:22,2.6,38.13 N,125.6 E,황해도 해주 북서쪽 약 15km 지역
2005-05-01 16:27,3.6,35.04 N,123.0 E,전남 흑산도 서쪽 약 225km 해역
2005-04-21 12:37,3,34.91 N,125.47 E,전남 흑산도 북쪽 약 25km 해역
2005-04-09 23:04,2.4,35.67 N,130.03 E,울산광역시 동쪽 약 70km 해역
2005-04-09 19:13,2.4,37.17 N,125.41 E,인천광역시 덕적도 서쪽 약 60km 해역
2005-04-01 0:15,2.4,33.56 N,126.97 E,제주 성산 북북동쪽 약25km 해역
2005-03-31 19:32,2.2,36.43 N,125.57 E,충남 격렬비열도 남남동쪽 약 20km 해역
2005-03-17 23:39,3.1,32.47 N,125.85 E,제주도 서귀포시 남남서쪽 약 105 km 해역
2005-03-12 11:56,2.4,38.82 N,127.14 E,함경남도 원산시 남남서쪽 약 45 km 지역
2005-02-20 22:18,3.4,35.4 N,126.22 E,전남 영광군 서북서쪽 약 30 km 해역
2005-02-07 20:16,2.8,36.59 N,130.02 E,경북 영덕 동북동쪽 약 60km 해역
2005-02-05 11:27,2.5,33.49 N,126.36 E,제주시 서쪽 약 10 km 해역
2005-02-03 7:48,2.4,38.95 N,130.39 E,강원 고성 북동쪽 약 150 km 해역
2004-12-12 3:00,2.1,33.6 N,127.7 E,제주 남제주군 성산포 동북동쪽 약 65km 해역
2004-12-10 19:41,2.3,32.9 N,125.8 E,제주 서귀포시 남서쪽 약 110km 해역
2004-11-30 13:51,2.5,33.2 N,125.7 E,제주 모슬포 서쪽 약 50km 해역
2004-11-28 13:15,2.4,37.6 N,129.5 E,강원도 동해시 동북동쪽 약 40 km 해역
2004-11-05 1:25,2,37.1 N,126.1 E,인천광역시 옹진군 덕적도 남서쪽 약 10km 해역
2004-10-20 14:12,2.7,34.4 N,125.5 E,전남 흑산도 남쪽 약 30km 해역
2004-10-14 3:02,2.7,33.7 N,127.3 E,제주 성산 북동쪽 약 50km 해역
2004-10-11 19:19,2.2,38.0 N,125.4 E,황해도 해주 서쪽 약 30km 지역
2004-10-04 6:24,2,35.5 N,128.3 E,경남 합천 남동쪽 약 15km 지역
2004-09-27 18:47,2.5,35.5 N,128.3 E,경남 합천 남동쪽 약 15km 지역
2004-09-24 1:40,2.5,33.4 N,127.1 E,제주 성산 동쪽 약 20km 해역
2004-09-15 7:47,2.5,37.5 N,126.9 E,경기도 광명시 북동쪽 약 5km 지역
2004-08-13 22:42,2.7,37.6 N,126.5 E,인천광역시 북서쪽 약 20km 지역
2004-08-11 4:29,2.3,33.3 N,126.2 E,제주 북제주군 한림 남서쪽 약 10km 지역
2004-08-06 5:32,3.3,35.9 N,127.4 E,전북 전주시 북동쪽 약 15km 지역
2004-07-14 20:37,2.1,36.4 N,127.3 E,대전광역시 북서쪽 약 10km 지역
2004-07-14 13:44,2.6,33.4 N,127.2 E,제주 성산 동쪽 약 30km 해역
2004-07-13 21:08,2.1,38.5 N,126.0 E,황해도 사리원 동쪽 약 20km 지역
2004-06-11 16:25,2.1,37.3 N,128.7 E,강원 정선 남쪽 약 10km 지역
2004-06-01 20:22,3.5,37.2 N,130.0 E,경북 울진 동북동쪽 약 55km 해역
2004-05-30 21:45,2.2,37.0 N,129.3 E,경북 울진 북서쪽 약 10km 지역
2004-05-30 4:45,2,36.6 N,130.0 E,경북 울진 남동쪽 약 70km 해역
2004-05-29 19:14,5.2,36.8 N,130.2 E,경북 울진 동쪽 약 80km 해역
2004-05-25 18:08,2.7,39.5 N,124.9 E,평안북도 신의주 남동쪽 약 75km 해역
2004-05-17 15:05,2.1,36.4 N,125.9 E,충남 서산 남서쪽 약 60km 해역
2004-05-06 23:10,2,37.5 N,129.9 E,강원도 삼척 동쪽 약 65km 해역
2004-05-05 12:22,3.1,32.7 N,126.0 E,제주 서귀포 남남서쪽 약 120km 해역
2004-05-05 2:15,2.2,33.4 N,127.3 E,제주 성산 동쪽 약 40km 해역
2004-05-05 1:07,2.2,33.4 N,127.3 E,제주 성산 동쪽 약 40km 해역
2004-04-30 23:43,2.8,35.8 N,129.4 E,경북 경주 동쪽 약 20km 지역
2004-04-29 17:31,2.9,37.4 N,123.8 E,인천광역시 백령도 남서쪽 약 100km 해역
2004-04-26 13:29,3.9,35.8 N,128.2 E,대구광역시 서남서쪽 약 40km 지역
2004-04-15 23:25,2,34.9 N,124.6 E,전남 흑산도 서북서쪽 약 80km 해역
2004-04-02 12:04,2.9,39.4 N,126.0 E,평남 평양시 북북동쪽 약 50km 지역
2004-03-07 20:58,2.9,35.8 N,125.4 E,전남 영광군 서북서쪽 약 100km 해역
2004-02-26 5:51,2.1,37.2 N,128.9 E,강원 태백 북서쪽 약 10km 지역
2004-02-06 7:30,2.4,38.6 N,126.1 E,황해도 사리원시 동북동쪽 약 30km 지역
2004-01-29 20:22,2.4,35.9 N,128.5 E,대구광역시 북서쪽 약 10km 지역
2004-01-23 5:27,2,35.4 N,128.0 E,경남 산청 동쪽 약 10km 지역
2004-01-17 9:47,2.9,33.7 N,125.8 E,제주 북서쪽 약 70km 해역
2004-01-06 1:49,3.2,38.7 N,125.1 E,평남 남포 서쪽 약 30km 해역
2004-01-05 6:11,2.9,36.2 N,127.0 E,충남 논산 서쪽 약 5km 지역
2003-10-17 11:55,2,35.8 N,129.4 E,경북 경주 동쪽 약 20km 지역
2003-10-14 1:44,2.4,34.1 N,127.5 E,전남 여수시 거문도 북동쪽 약 20km 해역
2003-10-13 18:12,3.6,37.0 N,126.5 E,충남 당진 북서쪽 약 20km 지역
2003-10-05 5:03,2.1,36.3 N,127.3 E,대전광역시 서쪽 약10km 지역
2003-10-04 4:59,2.3,33.2 N,126.9 E,제주 성산 남쪽 약 20km 해역
2003-09-25 15:24,2.5,36.0 N,129.6 E,경북 포항시 동쪽 약 20km 지역
2003-09-24 3:26,2.3,35.8 N,128.5 E,대구광역시 남서쪽 약 10km 지역
2003-09-19 20:48,2.9,37.5 N,124.5 E,인천광역시 백령도 남남서쪽 약 50km 해역
2003-08-12 1:25,2.6,34.7 N,130.3 E,부산 동남동쪽 약 120km 해역
2003-08-07 11:04,2.7,36.8 N,129.5 E,경북 울진 남남동쪽 약 20km 해역
2003-07-28 6:12,2.7,35.1 N,124.7 E,전남 흑산도 북서쪽 약 85km 해역
2003-07-18 17:05,2.9,35.0 N,124.3 E,전남 흑산도 서북서쪽 약 110km 해역
2003-07-09 15:20,2.7,34.9 N,128.2 E,경남 사천 동쪽 약 10km 해안
2003-07-05 12:18,3,37.4 N,125.3 E,인천광역시 서쪽 약 120km 해역
2003-06-29 11:53,2.1,35.7 N,124.8 E,전북 부안 서쪽 약 170km 해역
2003-06-09 10:14,4,36.0 N,123.6 E,전북 군산 서쪽 약 280km 해역
2003-06-08 2:07,2.6,36.5 N,125.1 E,충남 격렬비열도 서남서쪽 약 40km 해역
2003-06-04 3:34,2.7,35.2 N,125.2 E,전남 흑산도 북북서쪽 약 60km 해역
2003-04-16 2:55,3.3,36.4 N,126.3 E,충남 안면도 약 10km 해역
2003-04-05 0:56,2.4,36.2 N,127.3 E,충남 금산 북서쪽 약 20km 지역
2003-04-05 0:31,2.9,36.2 N,127.3 E,충남 금산 북서쪽 약 20km 지역
2003-04-05 0:25,2.5,36.2 N,127.3 E,충남 금산 북서쪽 약 20km 지역
2003-04-01 22:26,2.1,36.4 N,127.8 E,충북 보은 남동쪽 약 10km 지역
2003-03-30 20:10,5,37.8 N,123.7 E,인천광역시 백령도 서남서쪽 약 80km 해역
2003-03-23 5:38,4.9,35.0 N,124.6 E,전남 홍도 북서쪽 약 50km 해역
2003-03-19 23:05,2.3,36.5 N,129.6 E,경북 영덕 북동쪽 약 20km 해역
2003-03-14 4:06,2.1,36.2 N,128.7 E,경북 의성 남쪽 약 15km 지역
2003-03-10 3:28,3.1,36.1 N,128.4 E,경북 구미 동쪽 약 10km 지역
2003-03-04 12:44,2.9,38.3 N,128.6 E,강원도 속초 북쪽 약 10km 해역
2003-03-01 23:33,3,35.8 N,129.3 E,경북 경주 남동쪽 약 10km 지역
2003-03-01 21:07,2.5,37.6 N,124.6 E,인천광역시 백령도 남쪽 약 40km 해역
2003-02-14 16:42,2.9,38.0 N,124.5 E,인천광역시 백령도 서북서쪽 약 15km 해역
2003-02-09 22:28,2.3,36.0 N,127.9 E,경북 김천 남서쪽 약 20km 지역
2003-02-08 23:46,2.9,35.3 N,126.6 E,전남 영광 동쪽 약 10km 지역
2003-01-16 14:02,2.2,33.6 N,127.3 E,제주도 성산포 동북동쪽 약 40km 해역
2003-01-13 22:03,2.8,35.8 N,129.4 E,경북 경주 동쪽 약 20km 지역
2003-01-10 0:56,2.7,35.9 N,129.2 E,경북 경주 북쪽 10km 지역
2003-01-09 17:33,3.9,37.4 N,124.2 E,인천광역시 백령도 남서쪽 약 60km 해역
2002-12-26 23:41,2.7,36.5 N,127.0 E,충남 공주 서북서쪽 약 10km 지역
2002-12-17 8:44,2.1,37.1 N,126.4 E,충남 서산 북쪽 약 35km 해역
2002-12-16 18:21,2.4,36.7 N,130.2 E,경북 울진 동남동쪽 약 75km 해역
2002-12-12 21:42,2.3,37.1 N,126.4 E,충남 서산 북쪽 약 35km 해역
2002-12-10 7:42,3.8,38.8 N,127.2 E,강원 철원 북쪽 약 60km 지역
2002-12-07 16:43,2.7,37.4 N,129.4 E,강원 삼척 동쪽 약 20km 해역
2002-12-05 11:01,2.1,36.7 N,126.2 E,충남 서산 서남서쪽 약 25km 지역
2002-12-05 10:05,2,36.7 N,126.3 E,충남 서산 남서쪽 약 15km 지역
2002-11-13 21:46,2.4,35.8 N,127.9 E,경남 거창 북쪽 약 15km 지역
2002-11-06 21:48,2.5,36.4 N,127.7 E,충북 보은 남서쪽 약 10km 지역
2002-10-28 11:50,2.8,35.1 N,126.6 E,전남 나주 북서쪽 약 10km 지역
2002-10-25 4:06,2.4,33.9 N,127.1 E,전남 완도 남동쪽 약 55km 해역
2002-10-23 10:30,2.8,34.9 N,128.4 E,경남 통영 북서쪽 약 5km 지역
2002-10-20 4:22,3,35.2 N,127.7 E,경남 하동 북북서쪽 약 15km 지역
2002-10-19 21:31,2.7,36.2 N,127.6 E,충남 금산 북동쪽 약 15km 지역
2002-10-16 19:48,2.4,36.6 N,127.6 E,충북 청주 남동쪽 약 10km 지역
2002-10-04 2:06,2.4,38.1 N,126.4 E,북한 개성 북서쪽 약 15km 지역
2002-09-19 3:10,2.9,35.6 N,125.4 E,전남 영광 서북서쪽 약 95km 해역
2002-09-16 7:36,2.8,36.1 N,128.3 E,경북 구미 지역
2002-09-15 16:40,2.5,35.9 N,129.7 E,경북 포항 동남동쪽 약 30km 해역
2002-08-13 16:07,2.7,35.1 N,125.2 E,전남 흑산도 북북서쪽 약 50km 해역
2002-08-10 21:47,4,35.1 N,123.4 E,전남 흑산도 서북서쪽 약 195km 해역
2002-08-06 21:37,2.5,35.7 N,127.6 E,전북 장수 북동쪽 약 5km 지역
2002-08-06 7:32,3,34.7 N,127.4 E,전남 고흥 북동쪽 약 15km 지역
2002-07-17 6:50,3.3,38.0 N,124.4 E,인천광역시 백령도 서쪽 약 25km 해역
2002-07-12 8:17,2.1,35.9 N,129.8 E,경북 포항 동남동쪽 약 40km 해역
2002-07-09 4:01,3.8,35.9 N,129.6 E,경북 포항 남동쪽 약 25km 해역
2002-07-02 1:49,2.3,35.8 N,128.0 E,경남 거창 북동쪽 약 15km 지역
2002-06-23 11:12,2,34.7 N,126.6 E,전남 영암 남서쪽 약 15km 지역
2002-06-07 22:24,2.8,38.4 N,125.3 E,황해도 남포 남쪽 약 40km 지역
2002-05-29 18:22,2.4,34.7 N,127.9 E,전남 여수 동쪽 약 15km 해역
2002-04-17 7:52,3.9,40.5 N,128.5 E,함경남도 북청 북동쪽 약 30km 지역
2002-04-14 12:29,2.4,35.1 N,125.0 E,전남 흑산도 북서쪽 약 60km 해역
2002-04-01 7:46,2.5,37.3 N,128.1 E,강원 원주 남동쪽 약 15km 지역
2002-03-25 18:10,2.4,37.1 N,127.2 E,경기 용인 남쪽 약 10km 지역
2002-03-25 5:31,2.4,37.4 N,129.2 E,강원 삼척 지역
2002-03-22 11:28,3.5,38.3 N,124.5 E,인천광역시 백령도 북쪽 약 40km 해역
2002-03-17 9:26,3.9,38.1 N,124.3 E,인천광역시 백령도 서북서쪽 약 35km 해역
2002-03-12 20:04,2.4,34.9 N,127.4 E,전남 순천 남서쪽 약 10km 지역
2002-03-08 2:09,2.4,35.5 N,126.1 E,전북 고창 서북서쪽 약 55km 해역
2002-03-07 23:30,3,36.5 N,126.6 E,충남 홍성 남서쪽 약 15km 지역
2002-02-28 22:26,2.1,36.7 N,128.1 E,경북 문경 북서쪽 약 15km 지역
2002-02-07 9:31,2.4,36.1 N,129.2 E,경북 포항 북서쪽 약 15km 지역
2002-02-03 22:44,2.6,35.0 N,125.0 E,전남 홍도 북북서쪽 약 40km 해역
2002-01-17 20:16,2.9,35.1 N,125.0 E,전남 홍도 북북서쪽 약 50km 해역
2002-01-17 6:28,2.8,36.2 N,126.2 E,충남 보령 남서쪽 약 35km 해역
2002-01-08 8:18,2.8,35.8 N,128.2 E,경북 고령 북서쪽 약 5km 지역
2002-01-07 17:10,3.1,35.4 N,128.8 E,경남 밀양 남남동쪽 약 10km 지역
2002-01-04 0:33,2.3,34.8 N,127.4 E,전남 순천 남서쪽 약 20km 지역
2001-11-30 11:18,2.4,35.9 N,127.5 E,전북 진안 북북동쪽 약 10km 지역
2001-11-24 16:10,4.1,36.7 N,129.9 E,경북 울진 동남동쪽 약 50km 해역
2001-11-21 10:49,3.5,36.7 N,128.3 E,경북 문경 북쪽 약 15km 지역
2001-11-13 6:15,1.9,36.5 N,127.9 E,충북 보은 동쪽 약 15km 지역
2001-11-09 13:54,2.6,34.7 N,126.9 E,전남 장흥 지역
2001-10-28 22:27,2.1,37.1 N,129.0 E,강원 태백 남쪽 약 5km 지역
2001-10-01 3:35,2.6,36.0 N,127.7 E,전북 무주 동쪽 약 5km 지역
2001-09-24 9:33,2.6,35.5 N,127.5 E,전북 남원 북동쪽 약 15km 지역
2001-09-19 8:47,2.6,36.6 N,126.9 E,충남 예산 남동쪽 약 10km 지역
2001-09-15 2:32,2.2,35.6 N,125.9 E,전북 부안 서쪽 약 70km 해역
2001-09-13 6:07,2.2,36.4 N,127.0 E,충남 부여 북동쪽 약 15km 지역
2001-09-07 8:42,2.8,34.8 N,127.4 E,전남 순천 남서쪽 약 15km 지역
2001-08-24 11:12,3.1,35.9 N,128.2 E,경북 성주 서쪽 약 10km 지역
2001-08-20 21:04,2.5,34.0 N,125.5 E,전남 소흑산도 동쪽 약 35km 해역
2001-08-06 23:46,2.3,36.7 N,128.3 E,경북 문경 북동쪽 약 15km 지역
2001-07-27 10:04,2.2,36.5 N,128.0 E,경북 상주 북서쪽 약 20km 지역
2001-07-26 19:55,2,36.2 N,127.4 E,충남 금산 북서쪽 약 15km 지역
2001-07-23 17:29,3.5,36.4 N,128.0 E,경북 상주 서쪽 약 15km 지역
2001-07-15 20:01,2.3,36.7 N,127.0 E,충남 아산 남쪽 약 10km 지역
2001-06-29 11:21,3.6,35.8 N,126.6 E,전북 군산 남남서쪽 약 20km 해역
2001-06-17 1:04,2.3,35.7 N,126.4 E,전북 부안 서쪽 약 30km 해역
2001-06-16 21:26,2.2,36.0 N,127.9 E,경북 김천 남서쪽 약 20km 지역
2001-06-13 13:53,2.9,34.8 N,127.3 E,전남 순천 남서쪽 약 20km 지역
2001-06-09 0:36,2.3,36.7 N,128.8 E,경북 안동 북북동쪽 약 15km 지역
2001-05-28 7:25,2.1,36.4 N,127.8 E,충북 보은 남동쪽 약 10km 지역
2001-05-27 20:24,2.5,35.8 N,129.7 E,경북 포항 남동쪽 약 40km 해역
2001-05-27 15:25,2.6,34.1 N,127.6 E,전남 고흥 남동쪽 약 60km 해역
2001-05-25 0:06,2.6,33.6 N,126.8 E,제주 성산 북쪽 약 25km 해역
2001-05-16 1:09,2,36.0 N,126.7 E,전북 군산 지역
2001-05-05 19:23,1.7,34.4 N,127.4 E,전남 고흥 남남동쪽 약 20km 해역
2001-05-05 11:21,3.3,37.8 N,124.5 E,백령도 남남서쪽 약 30km 해역
2001-04-21 2:30,2.1,35.9 N,125.3 E,전북 군산 서쪽 약 130km 해역
2001-04-17 2:42,2.5,35.4 N,126.1 E,전북 고창 서쪽 약 60km 해역
2001-04-16 22:50,2.2,35.9 N,129.7 E,경북 포항 동남동쪽 약 35km 해역
2001-03-19 22:16,2.8,37.6 N,124.6 E,백령도 남쪽 약 35km 해역
2001-03-07 8:27,2.5,35.1 N,127.8 E,경남 하동 북동쪽 약 10km 지역
2001-03-06 0:23,2.3,35.3 N,125.7 E,전남 영광 서쪽 약 70km 해역
2001-02-28 12:46,2.9,35.3 N,127.9 E,경남 산청 남쪽 약 10km 지역
2001-02-19 8:27,2,37.4 N,128.4 E,강원 평창 지역
2001-02-14 1:02,2.2,36.0 N,128.2 E,경북 김천 남동쪽 약 10km 지역
2001-02-10 17:47,2,37.1 N,127.6 E,경기 여주 남쪽 약 20km 지역
2001-02-08 16:59,2.3,38.4 N,127.9 E,강원 양구 북쪽 약 30km 지역
2001-01-29 11:44,3,35.7 N,126.6 E,전북 부안 서쪽 약 10km 지역
2000-12-22 8:19,2.7,36.3 N,127.4 E,대전광역시 지역
2000-12-09 18:51,3.7,36.5 N,130.0 E,경북 영덕 동쪽 약 90km 해역
2000-12-02 16:53,3.1,34.6 N,126.9 E,전남 장흥 남쪽 약 10km 지역
2000-11-14 17:41,2.9,38.8 N,125.8 E,평양 남쪽 약 25km 지역
2000-11-05 21:39,2.2,36.2 N,127.2 E,충남 논산 동쪽 약 10km 지역
2000-10-28 7:10,2.7,37.1 N,126.7 E,경기도 수원 남서쪽 약 30km 해역
2000-10-23 11:35,2.6,37.7 N,125.7 E,황해도 해주 남쪽 약 24km 해역
2000-10-08 7:46,2.6,37.3 N,128.8 E,강원 정선 남동쪽 약 15km 지역
2000-10-03 0:01,2,36.7 N,127.2 E,충남 천안 남남동쪽 약 15km 지역
2000-09-23 10:07,2.4,35.6 N,128.4 E,경남 창녕 북서쪽 약 15km 지역
2000-09-13 20:38,2.4,35.7 N,127.1 E,전북 전주 남서쪽 약 10km 지역
2000-08-21 19:43,3.4,38.9 N,125.9 E,평양 남동쪽 약 20km 지역
2000-08-15 1:36,2.2,35.3 N,125.9 E,전남 영광 서쪽 약 55km 해역
2000-08-06 19:35,2.2,36.3 N,128.4 E,경북 군위 북쪽 약 15km 지역
2000-08-05 21:02,2.7,35.1 N,124.9 E,전남 무안 서북서쪽 약 140km 해역
2000-07-24 7:00,3,38.5 N,127.8 E,강원 회양 남동쪽 약 30km지역
2000-05-26 21:41,2.4,36.2 N,127.1 E,충남 논산 지역
2000-05-19 1:44,2.7,36.3 N,128.5 E,경북 구미 북동쪽 약 25km 지역
2000-05-11 16:00,2.8,38.6 N,127.7 E,강원 회양 남동쪽 약 20km 지역
2000-05-11 15:01,2.9,38.6 N,127.8 E,강원 회양 남동쪽 약 20km 지역
2000-05-11 10:51,3.1,33.3 N,125.9 E,제주도 고산 서쪽 약 30km 해역
2000-05-09 6:55,2.3,35.2 N,128.1 E,경남 진주 북동쪽 약 10km 지역
2000-04-29 8:53,3.3,35.8 N,125.7 E,전북 군산 서쪽 약 90km 해역
2000-04-15 8:05,2.3,36.6 N,128.3 E,경북 문경 동쪽 약 10km 지역
2000-04-12 4:44,3.5,36.9 N,125.3 E,격렬비열도 북서쪽 약 40km 해역
2000-03-21 13:43,2.3,36.5 N,126.0 E,충남 보령 서북서쪽 약 55km 해역
2000-03-15 1:10,2.5,36.3 N,125.9 E,충남 보령 서남서쪽 약 70km 해역
2000-02-21 1:06,2.1,35.8 N,128.2 E,경북 고령 북서쪽 약 6km 지역
2000-01-18 15:08,3,38.7 N,127.9 E,강원 고성 서쪽 약 35km 지역
1999-12-27 12:29,3,36.8 N,128.2 E,경북 문경 북쪽 약 20km 지역
1999-12-20 13:28,2.5,36.0 N,128.4 E,대구광역시 북서쪽 약 20km 지역
1999-12-14 14:46,2.8,36.7 N,127.3 E,충남 조치원 북쪽 약 10km 지역
1999-09-24 1:59,2.7,38.2 N,128.8 E,강원 속초 동쪽 약 20km 해역
1999-09-12 5:56,3.2,35.9 N,129.3 E,경북 경주 북동쪽 약 10km 지역
1999-09-11 3:17,3.4,36.1 N,123.7 E,충남 격렬비열도 서남서쪽 약 180km 해역
1999-07-17 15:22,2.9,36.2 N,127.0 E,충남 논산 서쪽 약 10km 지역
1999-06-19 20:58,2.7,36.3 N,127.8 E,충북 보은 남쪽 약 22km 지역
1999-06-17 22:33,2.6,33.2 N,126.4 E,제주 서귀포 서쪽 약 15km 지역
1999-06-09 2:15,2.6,37.7 N,125.8 E,경기 대연평도 북동쪽 약 10km 해역
1999-06-02 18:12,3.4,35.9 N,129.3 E,경북 경주 북동쪽 약 10km 지역
1999-05-15 14:41,3.1,35.5 N,126.2 E,전남 영광 북서쪽 약 35km 해역
1999-05-09 8:17,3.5,36.2 N,123.7 E,충남 격렬비열도 남서쪽 약 200km해역
1999-05-09 8:11,3.1,37.7 N,130.5 E,경북 울릉도 북서쪽 약 40km해역
1999-05-04 3:09,2.5,37.3 N,129.4 E,강원 삼척 남동쪽 약 23km 해역
1999-04-25 18:35,2.8,35.8 N,127.1 E,전북 전주시 지역
1999-04-24 1:35,3.2,36.0 N,129.3 E,경북 포항 남서쪽 약 8km 지역
1999-04-23 12:41,2.2,37.3 N,128.9 E,강원 태백 북서쪽 약 21km 지역
1999-04-22 1:27,2,36.5 N,127.8 E,충북 보은 동쪽 약 6km 지역
1999-04-21 11:24,2.1,36.7 N,127.1 E,충남 천안 남남서쪽 약 15km 지역
1999-04-09 20:48,2.8,37.3 N,128.9 E,강원 태백 북서쪽 약 12km 지역
1999-04-08 1:09,2.6,37.2 N,128.9 E,강원 태백 북서쪽 약 10km 지역
1999-04-08 0:40,2.9,37.2 N,128.9 E,강원 태백 북서쪽 약 10km 지역
1999-04-07 23:43,3.3,37.2 N,128.9 E,강원 태백 북서쪽 약 10km 지역
1999-04-04 11:29,3.1,36.4 N,124.0 E,충남 태안 서남서쪽 약 200km 해역
1999-03-28 12:39,3,37.5 N,130.2 E,경북 울릉 서북서쪽 약 60km 해역
1999-03-15 22:08,2.4,37.5 N,130.4 E,경북 울릉 서쪽 약 25km 해역
1999-03-15 16:11,2.7,37.5 N,130.4 E,경북 울릉 서쪽 약 25km 해역
1999-03-14 20:31,3.2,37.5 N,130.4 E,경북 울릉 서쪽 약 25km 해역
1999-03-05 23:41,3.5,40.5 N,126.3 E,평북 희천 북쪽 약 35km 지역
1999-02-24 2:14,3.5,37.3 N,126.0 E,인천광역시 서남서쪽 약 55km 해역
1999-02-08 6:36,2.5,37.1 N,128.9 E,강원 태백시 서쪽 약 6km 지역
1999-02-03 3:21,2.9,38.5 N,127.8 E,강원 양구 북북서쪽 약 45km 지역
1999-01-24 2:43,2.9,37.4 N,130.3 E,경북 울릉군 서남서쪽 약 55km 해역
1999-01-24 1:01,3.3,37.0 N,128.8 E,강원 태백시 남서쪽 약 20km 지역
1999-01-12 21:51,2.9,38.3 N,128.6 E,강원 속초시 북서쪽 약 10km 지역
1999-01-11 13:07,4.2,38.3 N,128.7 E,강원 속초시 북동쪽 약 15km 해역
1998-12-09 6:42,2.7,37.5 N,129.1 E,강원 동해 동쪽 약 10km 해역
1998-11-30 8:57,2.8,37.2 N,128.7 E,강원 정선 남동쪽 약 20km 지역
1998-10-22 17:34,2.8,36.6 N,125.5 E,충남 태안군 격렬비열도 주변 해역
1998-10-14 3:50,2.5,35.8 N,128.3 E,경북 성주 남쪽 약 10km 지역
1998-10-02 20:09,2.5,37.3 N,128.8 E,강원도 정선 남동쪽 약 15km 지역
1998-09-30 22:29,3.3,35.8 N,126.9 E,전북 김제 남서쪽 약 5km 지역
1998-09-13 20:42,3.6,36.1 N,126.9 E,전북 익산 북쪽 약 20km 지역
1998-09-12 23:08,2.3,35.9 N,129.3 E,경북 포항시 남쪽 약 12 km 지역
1998-09-09 19:53,2.1,36.1 N,128.5 E,경북 왜관 북동쪽 약 10km 지역
1998-09-03 16:52,3.8,36.6 N,125.7 E,충남 격렬비열도 주변해역
1998-08-04 21:43,2.9,35.5 N,128.8 E,경남 밀양시 북동쪽 9km 지역
1998-07-07 17:37,2.7,36.0 N,129.9 E,경북 포항시 동쪽 약 50km 해역
1998-07-07 0:13,2.7,38.8 N,126.1 E,평양시 남동쪽 약 40km 지역
1998-07-01 17:09,2,36.8 N,127.8 E,충북 충주 남남서쪽 약 10km 지역
1998-06-19 6:19,2.3,36.7 N,128.4 E,경북 영주 서북서쪽 약 10km 지역
1998-06-13 23:29,2.4,36.7 N,130.1 E,경북 울진 동남동쪽 약 70km 해역
1998-06-13 18:24,2.4,36.7 N,130.0 E,경북 울진 동남동쪽 약 60km 해역
1998-06-08 19:55,2.8,36.0 N,125.2 E,충남 격렬비열도 남남서쪽 약 70km 해역
1998-06-08 11:45,3.7,38.5 N,124.3 E,평남 남포시 서남서쪽 약 90km 해역
1998-06-07 17:39,2.8,34.4 N,129.0 E,부산광역시 남쪽 약 75km 해역
1998-06-06 15:04,2.8,38.9 N,126.0 E,평남 평양 동남동쪽 약 25km 지역
1998-06-05 19:42,2.9,35.9 N,123.9 E,충남 격렬비열도 서남서쪽 약 165km 해역
1998-05-25 11:19,2.4,37.6 N,129.7 E,강원도 동해시 동쪽 약 55km 해역
1998-05-20 0:34,2.3,35.5 N,126.2 E,전남 영광 북서쪽 약 45km 해역
1998-05-14 14:23,2.2,36.7 N,128.4 E,경북 영주 서쪽 약 10km 지역
1998-05-01 7:16,2.5,36.1 N,128.0 E,경북 김천 서남서쪽 약 10km 지역
1998-04-30 21:57,2.3,36.6 N,128.4 E,경북 예천 북쪽 약 13km 지역
1998-04-16 3:58,3.5,38.4 N,126.3 E,황해도 사리원 동쪽 약 45km 지역
1998-04-02 9:34,2.3,36.3 N,127.4 E,대전광역시 남쪽 약 12km 지역
1998-02-12 3:36,2.9,38.4 N,128.5 E,강원 고성 동북동쪽 약 21km 해역
1998-02-10 21:11,4.1,37.8 N,123.6 E,서해 백령도 서남서쪽 약 90km 해역
1998-01-18 1:16,3.9,35.6 N,129.9 E,울산 동쪽 약 60km 해역
1997-11-10 18:26,3,37.8 N,125.4 E,황해도 웅진 남쪽 약 15km 지역
1997-11-09 18:16,2.5,37.8 N,126.8 E,경기도 파주 북쪽 약 5km 지역
1997-10-18 19:35,3,37.3 N,128.8 E,강원도 태백 북서 25km 지역
1997-10-11 19:50,3.2,35.9 N,128.7 E,대구광역시 동쪽 15km 지역
1997-10-02 23:47,2.4,35.0 N,128.0 E,경남 진주 남서쪽 20km 지역
1997-09-26 8:35,2.5,37.9 N,129.7 E,강원도 강릉 동쪽 70km 해역
1997-08-05 12:45,2.8,36.7 N,128.4 E,경상북도 예천 북쪽 10km 지역
1997-08-05 4:47,2.3,37.2 N,128.7 E,강원도 정선 남동쪽 30km 지역
1997-06-30 23:48,2.8,36.1 N,127.7 E,충북 영동 남서쪽 5km 지역
1997-06-26 3:50,4.2,35.8 N,129.3 E,경북 경주 남동쪽 9km 지역
1997-06-16 22:51,2.7,35.3 N,129.1 E,경남 울산 남쪽 10km 지역
1997-06-15 12:46,2.7,37.4 N,126.2 E,경기 시흥 서쪽 50km 해역
1997-06-15 8:45,2.8,37.4 N,126.2 E,경기 시흥 서쪽 50km 해역
1997-05-22 7:47,3.5,36.0 N,126.8 E,전북 익산 북쪽 19km 지역
1997-05-10 0:56,2.5,37.3 N,128.5 E,강원 삼척 남서쪽 9km 지역
1997-05-09 21:43,3,35.2 N,126.0 E,전남 영광 남서쪽 37km 해역
1997-05-09 21:40,3.2,35.2 N,126.0 E,전남 영광 남서쪽 37km 해역
1997-04-23 1:39,2.5,36.2 N,126.0 E,충남 대천 서남서쪽 약 60km 해역
1997-03-09 23:40,2.8,39.0 N,127.3 E,함남 원산 남서쪽 20km 지역
1997-01-15 5:34,3.2,38.3 N,128.7 E,강원도 속초 북동쪽 약 20km 해역
1997-01-03 20:34,2.9,35.0 N,125.2 E,전남 홍도 북쪽 약 60km 해역
1996-12-21 7:45,2.8,37.3 N,128.6 E,강원도 영월 동쪽 약 20Km 지역
1996-12-18 17:23,2.7,37.3 N,128.6 E,강원도 영월 동쪽 약 20Km 지역
1996-12-15 16:20,2.5,37.2 N,128.8 E,강원도 영월 동쪽 약 20Km 지역
1996-12-14 15:17,2.7,37.3 N,128.8 E,강원도 영월 동쪽 약 20Km 지역
1996-12-13 13:27,3,37.3 N,128.8 E,강원도 영월 동쪽 약 20Km 지역
1996-12-13 13:10,4.5,37.2 N,128.8 E,강원도 영월 동쪽 약 20Km 지역
1996-11-25 0:27,2.3,35.6 N,129.3 E,경상남도 울산시 북쪽 약 15km 지역
1996-11-22 10:09,2.9,32.8 N,127.2 E,제주도 서귀포 남동쪽 약 80km 해역
1996-11-17 8:49,3.6,39.0 N,127.6 E,함남 원산 남동쪽 약 30km 지역
1996-11-10 21:33,3.5,36.7 N,125.4 E,격렬비열도 북서쪽 약 20km 해역
1996-10-16 4:45,3.3,36.1 N,128.3 E,경상북도 구미시 부근
1996-09-27 19:32,2.4,35.6 N,129.9 E,경상남도 울산시 동쪽 약 50km 해역
1996-09-14 22:38,3.6,39.0 N,126.0 E,평남 평양시 동쪽 약 20km 지역
1996-08-14 18:10,3,36.7 N,128.0 E,경상북도 문경 북서쪽 약 20km 지역
1996-08-03 0:06,2.7,37.4 N,129.5 E,강원도 삼척시 동쪽 약 35km 해역
1996-07-27 1:22,3,34.2 N,123.3 E,전남 소흑산도 서쪽 약 150km 해역
1996-07-15 4:58,2.8,36.9 N,126.5 E,충남 서산 북쪽 약 15km 지역
1996-06-27 21:35,2.1,38.2 N,126.3 E,황해도 금천 서쪽 약 20km 지역
1996-06-21 1:04,2.8,36.1 N,126.9 E,전북 익산 북쪽 약 15km 지역
1996-06-18 16:33,2.7,39.5 N,126.3 E,평남 성천 북쪽 약 30km 지역
1996-06-15 6:05,2.8,38.9 N,125.9 E,평남 평양 남동쪽 약 15km 지역
1996-06-04 18:33,2.4,36.8 N,129.1 E,경북 울진군 통고산
1996-06-04 1:14,2.6,39.3 N,126.3 E,평남 성천 북동쪽 약 10km 지역
1996-05-26 19:58,3.5,36.4 N,125.5 E,서해 격렬비열도 남쪽 약 20km 해역
1996-05-26 8:34,2.5,33.5 N,126.0 E,제주도 한림 북서쪽 약 30km 해역
1996-05-21 17:15,3.1,38.8 N,125.6 E,평남 남포 북동쪽 약 20km 지역
1996-05-16 11:05,2.8,35.3 N,129.1 E,부산 금정산
1996-05-14 13:36,2.1,36.5 N,127.5 E,충북 청주시 남쪽 약 30km 지역
1996-05-13 0:49,3,35.8 N,130.2 E,경북 포항 남동쪽 약 80km 해역
1996-05-07 0:12,2.9,34.7 N,127.3 E,전남 고흥 북쪽 약 10km 지역
1996-05-06 21:02,2.1,35.9 N,127.7 E,전북 무주 남동쪽 약 15km 지역
1996-04-19 2:39,2.8,36.3 N,127.0 E,충남 부여 동쪽 약 7km 지역
1996-04-14 5:22,3.1,35.9 N,127.9 E,경북-전북도계 대덕산(소백산맥)
1996-04-14 2:20,2.3,35.8 N,127.9 E,경남 거창군 덕유산(소백산맥)
1996-03-20 4:54,2.5,36.6 N,128.1 E,경북 점촌시 서쪽 약 10km 지역
1996-03-02 21:42,2.2,36.4 N,127.8 E,충북 보은 남동쪽 약 15km 지역
1996-02-27 4:39,2.6,35.9 N,129.6 E,경북 구룡포 남동쪽 약 10km 해역
1996-02-09 8:51,3.1,39.2 N,126.4 E,평남 성천 남동쪽 약 20km 지역
1996-01-24 5:09,4.2,37.9 N,129.6 E,강원도 양양 동쪽 약 80km 해역
1995-12-24 3:47,3,35.3 N,124.6 E,전남 홍도 북서쪽 약 90km 해역
1995-12-22 5:24,2.5,34.6 N,127.5 E,전남 여수시 남서쪽 약 25km 지역
1995-12-21 8:25,2.6,36.6 N,128.1 E,경북 점촌 서쪽 약 10km 지역
1995-11-10 14:03,3,38.9 N,125.8 E,평양 남동쪽 약 10km 지역
1995-10-08 8:33,3.5,35.6 N,129.7 E,경남 울산 동쪽 약 40km 해역
1995-10-06 21:07,3.7,37.5 N,129.8 E,강원도 삼척 동쪽 약 70km 해역
1995-10-03 14:05,2.9,36.9 N,129.2 E,경북 울진 남서쪽 20km 통고산 지역
1995-09-17 0:13,2.4,36.3 N,126.8 E,충남 부여 북서쪽 약 10km 지역
1995-09-03 22:38,2.4,33.5 N,126.9 E,제주도 제주 동북동쪽 약 30km 해역
1995-08-24 3:08,2.8,36.2 N,123.7 E,전북 군산 서쪽 약 280km 해역
1995-08-12 3:17,3.6,38.0 N,124.6 E,서해 백령도 부근 해역
1995-08-09 15:42,2.9,37.9 N,124.6 E,서해 백령도 부근 해역
1995-08-04 10:15,2.8,36.3 N,123.7 E,충남 대천 서쪽 약 260km 해역
1995-07-24 19:02,4.2,38.2 N,124.4 E,서해 백령도 북서쪽 약 30km 해역
1995-06-24 21:49,2.2,37.0 N,129.3 E,경북 평해 부근 지역
1995-06-24 19:47,2.6,36.8 N,129.5 E,경북 울진 지역
1995-06-19 18:09,3,36.4 N,128.2 E,경북 상주시 부근지역
1995-06-05 18:21,2.5,38.7 N,126.4 E,황해도 수안군 수안 지역
1995-05-17 1:43,2.9,37.6 N,124.3 E,서해 백령도 남서쪽 약 60km 해역
1995-05-10 8:46,3.4,39.3 N,126.0 E,평양 북동쪽 약 50km 해역
1995-04-30 19:40,2.5,35.8 N,128.7 E,경북 대구 지역
1995-04-28 15:38,2.5,34.7 N,128.9 E,경남 장승포 남서쪽 약 20km 해역
1995-03-20 1:01,2.5,35.7 N,131.1 E,경남 울산 동쪽 약 160km 해역
1995-03-11 9:30,3,38.7 N,125.6 E,황해도 송림시 지역
1995-02-05 12:59,2.6,39.6 N,126.0 E,평북 개천군 지역
1995-02-02 15:56,2.5,38.9 N,126.0 E,평양 남동쪽 약 20km 지역
1995-01-29 17:02,2.4,38.9 N,126.0 E,평양 남동쪽 약 20km 지역
1995-01-21 7:39,3.3,34.2 N,125.0 E,전남 소흑산도 북동쪽 약 20km 해역
1995-01-14 6:43,3,37.9 N,124.5 E,서해 백령도 남서쪽 약 25km 해역
1994-12-26 23:09,2.3,34.8 N,128.1 E,경남 남해 동남동쪽 약 20km 해역
1994-12-25 2:41,2.4,35.3 N,126.0 E,전남 영광 서쪽 약 50km 해역
1994-12-19 17:25,1.9,34.9 N,126.7 E,광주시 남서쪽 약 20km 지역
1994-12-18 3:23,2,36.4 N,128.1 E,경북 선산 북서쪽 약 40km 지역
1994-12-15 10:41,2.8,36.1 N,125.4 E,전북 군산 서쪽 약 110km 해역
1994-12-02 0:42,3.6,37.9 N,123.8 E,경기도 백령도 서쪽 약 90km 해역
1994-11-01 9:11,3.4,38.9 N,125.8 E,평남 평양시 남쪽 약 10km 지역
1994-10-14 21:51,3.5,38.8 N,125.6 E,황해도 송림시 부근
1994-09-21 3:35,3.2,36.4 N,128.9 E,경북 의성 동쪽 약 20km 지역
1994-08-31 0:07,2.8,37.4 N,124.8 E,경기도 백령도 남남동쪽 약 60km 해역
1994-08-24 15:18,2.1,38.5 N,127.5 E,강원도 평강 동쪽 약 18km 지역
1994-07-26 2:41,4.9,34.9 N,124.1 E,전남 홍도 서북서쪽 100km 해역
1994-04-23 13:03,4.1,35.7 N,130.9 E,경남 울산 동쪽 약 150km 해역
1994-04-23 12:41,4.5,35.1 N,131.1 E,경남 울산 남동쪽 약 175km 해역
1994-04-22 2:05,4.6,34.9 N,131.0 E,경남 울산 남동쪽 약 175km 해역
1994-04-12 16:04,3.1,38.5 N,125.5 E,황해도 안악군 안악 지역
1994-03-25 6:03,2.3,36.3 N,128.2 E,경남 김천시 북쪽 약 15km 지역
1994-03-04 0:33,2.7,35.9 N,129.6 E,경남 구룡포 남동쪽 약 5km 해역
1994-03-03 19:39,2.7,34.4 N,127.9 E,전남 소리도 동쪽 약 15km 해역
1994-02-26 4:52,2.5,35.6 N,127.9 E,경남 거창 남쪽 약 10km 지역
1994-02-24 6:40,2.2,37.4 N,129.4 E,강원도 삼척 동쪽 약 20km 해역
1994-02-12 11:58,3.5,36.4 N,127.3 E,충남 공주 남동쪽 20km 지역
1994-02-02 14:12,2,35.9 N,128.3 E,경북 성주군 동부 지역
1994-01-24 15:47,2.3,38.4 N,126.4 E,황해도 신계군 신계읍 지역
1994-01-11 8:09,3,36.3 N,123.9 E,충남 태안반도 서남서쪽 약 200km 해역
1993-12-30 9:58,2.6,38.5 N,127.6 E,강원 철원군 북동쪽 약 50km 지역
1993-12-24 8:13,3.1,35.9 N,129.1 E,경북 경주시 북서쪽 약 15km 지역
1993-12-08 11:43,3.4,39.6 N,125.9 E,평안남도 순천 북부 지역
1993-08-26 0:07,2.9,35.7 N,127.9 E,경남 거창군 남동쪽 약 5km 지역
1993-07-20 4:52,1.9,37.1 N,129.2 E,강원도 삼척 남서쪽 약 20km 지역
1993-07-14 11:48,2.6,38.8 N,125.7 E,황해도 송림시 동쪽 약 5km 지역
1993-07-08 11:10,3.6,35.2 N,128.4 E,경상남도 함안 남서쪽 10km 지역
1993-06-12 16:03,2.7,37.5 N,125.5 E,경기도 소연평도 남서쪽 25km 해역
1993-06-08 17:42,2.2,38.7 N,126.7 E,황해도 곡산 남부 지역
1993-05-02 17:57,2.9,37.3 N,130.5 E,강원도 동해 동남동쪽 85km 해역
1993-04-16 18:32,2.2,36.5 N,128.3 E,경북 상주 북동쪽 20km 산간 지역
1993-04-09 2:28,2.2,36.6 N,126.9 E,충남 예산 남동쪽 15km 지역
1993-04-08 12:01,2.9,34.9 N,130.6 E,부산 동쪽 140km 해역(대한해협)
1993-04-02 1:20,2.2,35.2 N,128.3 E,경상남도 진양군 반성면 지역
1993-03-28 10:16,4.5,33.1 N,123.8 E,제주도 서쪽 약 230km 해역
1993-03-18 0:36,2.8,36.4 N,130.0 E,경상북도 영덕 동쪽 60km 해역
1993-03-17 0:36,2.6,36.6 N,129.9 E,경북 영덕 동북동쪽 50km 해역
1993-03-11 6:55,2.8,37.5 N,124.8 E,경기도 옹진군 소청도 해역
1993-03-01 12:00,3.9,35.6 N,126.8 E,전북 정주시 북서쪽 약 10km 지역
1993-03-01 11:59,3.3,35.6 N,126.9 E,전북 정주시 북동쪽 약 10km 지역
1993-02-25 10:15,2.9,35.6 N,126.4 E,전라북도 부안군 변산반도 서단
1993-02-08 10:04,2.1,38.7 N,127.8 E,강원도 화천군 백암산 북부 지역
1993-01-31 15:31,3.1,41.1 N,125.7 E,평안북도 초산 북방 국경 지역
1992-12-16 10:28,2.1,38.1 N,128.3 E,강원도 인제군 지역
1992-12-13 20:22,4,35.3 N,130.1 E,경상남도 울산 동남동쪽 약 70km 해역
1992-11-25 18:45,2.6,37.7 N,126.4 E,경기도 강화도 중부 지역
1992-11-13 2:47,3.4,38.4 N,125.3 E,황해도 안악군 지역
1992-11-12 8:02,3.8,38.5 N,125.4 E,황해도 안악군 지역
1992-11-11 9:32,3.4,35.8 N,123.7 E,전라남도 서쪽 약 300km 해역
1992-11-04 2:30,4.4,34.7 N,122.8 E,전라남도 서쪽 약 320km 해역
1992-10-20 10:34,2.6,36.0 N,128.2 E,경상북도 김천 남동부 지역
1992-09-05 0:22,2.7,37.0 N,126.8 E,경기도 평택군 서부해안 지역
1992-07-19 17:01,3.1,39.1 N,127.1 E,함경남도 문천군 지역
1992-07-17 8:16,2.5,37.1 N,126.1 E,서해중부 덕적군도 남부 해역
1992-05-04 17:06,2.6,35.8 N,128.4 E,경상북도 대구 남서부 지역
1992-04-09 5:32,2.9,36.2 N,127.2 E,충청남도 대전 남서부 지역
1992-01-21 3:36,4,35.4 N,129.9 E,경상남도 울산 남동쪽 약 50km 해역
1992-01-15 21:26,2,36.0 N,127.3 E,전라북도 완주군 북동부 지역
1991-10-30 0:57,2.2,38.5 N,127.2 E,강원도 평강 부근 지역
1991-10-16 4:59,2.8,35.6 N,129.6 E,경상남도 울산 북동부 해역
1991-10-11 7:20,3.2,36.8 N,129.3 E,경상북도 울진 남서부 지역
1991-08-10 8:26,2.7,36.5 N,129.7 E,경상북도 울진 남동부 해역
1991-07-23 23:08,3.1,35.6 N,128.0 E,경상남도 거창-합천 지역
1991-07-20 12:25,3.1,35.3 N,127.9 E,경상남도 산청 남부 지역
1991-06-18 16:07,2.6,39.1 N,126.1 E,평안남도 평양 동부 지역
1991-06-07 15:25,2.7,35.8 N,128.8 E,경상북도 대구 북동부 지역
1991-05-23 7:16,2.6,36.5 N,127.9 E,충청북도 보은-속리산 지역
1991-05-13 10:58,2,35.3 N,126.7 E,전라남도 광주 북서부 지역
1991-05-13 1:25,2.2,35.9 N,128.5 E,경상북도 칠곡군 지역
1991-04-27 20:01,3,36.1 N,127.2 E,전라북도 완주군 북부 지역
1991-04-14 1:48,3.1,36.5 N,128.7 E,경상북도 의성 북부 지역
1991-03-28 3:31,2.7,37.0 N,126.4 E,충청남도 당진군 북서 해안 지역
1991-02-02 11:08,3.4,33.4 N,123.8 E,제주도 서쪽 약 250km 해역
1991-01-25 3:57,2.8,37.3 N,129.8 E,경상북도 울진 북동쪽 약 50km 해역
1991-01-03 14:39,3.4,37.6 N,124.7 E,서해중부 대청도 남부 해역
1991-01-03 8:27,2.7,36.4 N,128.8 E,경상북도 안동 남동부 지역
1990-10-22 18:09,3.4,35.9 N,130.0 E,경상북도 포항 동쪽 약 70km 해역
1990-06-30 10:45,2.5,36.5 N,126.7 E,충청남도 청양 북서부 지역
1990-06-19 13:28,2.6,37.8 N,123.7 E,서해중부 백령도 서부 해역
1990-06-14 3:37,2.3,37.5 N,127.1 E,서울 동부 지역
1990-06-02 1:46,2.4,36.4 N,127.8 E,충청북도 보은 남동부 지역
1990-03-11 15:30,2.6,38.1 N,126.3 E,황해도 연백군 지역
1990-03-10 16:59,2.7,38.2 N,126.3 E,황해도 금천군 지역
1990-03-04 14:51,2.6,38.7 N,125.8 E,평안남도 평원군 지역
1990-02-28 15:01,3.1,38.3 N,126.3 E,황해도 평산군-멸악산 지역
1990-02-28 13:53,2.5,38.0 N,126.2 E,황해도 연백군 지역
1990-02-22 15:14,2.8,38.3 N,126.4 E,황해도 평산군 지역
1990-02-18 21:29,3.3,38.2 N,123.9 E,황해도 장산곶 서부 지역
1990-01-28 15:01,2.7,38.3 N,126.2 E,황해도 벽성군 지역
1990-01-10 17:07,2.5,36.3 N,127.4 E,충청남도 대전 지역
1990-01-09 13:53,2.9,36.6 N,125.6 E,서해중부 격렬비열도 부근 해역
1989-12-29 14:59,2.8,38.2 N,126.2 E,황해도 평산군 지역
1989-12-11 15:18,2.8,38.0 N,125.9 E,황해도 해주 동부 지역
1989-06-23 0:26,3.5,36.7 N,127.8 E,충청북도 괴산 남부 지역
1989-06-20 15:28,3.2,38.1 N,126.2 E,황해도 연백군 지역
1989-05-25 14:58,3.1,38.6 N,126.3 E,황해도 서흥군 지역
1989-05-22 14:59,3.2,37.8 N,125.8 E,황해도 해주 남부 해역
1989-04-30 15:27,3.4,36.3 N,127.3 E,충청남도 대전 서부 지역
1989-03-29 15:00,3.1,37.9 N,125.9 E,황해도 해주 남부 해역
1989-03-13 16:03,3.4,38.2 N,125.5 E,황해도 벽성군 지역
1989-03-03 15:15,3.4,38.1 N,124.9 E,황해도 장연군 서부 지역
1989-01-05 15:13,3.2,38.5 N,126.1 E,황해도 서흥군 지역
1988-12-02 23:54,2.5,36.3 N,127.9 E,경상북도 상주군 서부 지역
1988-10-15 17:26,3.4,38.4 N,126.2 E,황해도 서흥군 지역
1988-05-03 14:59,3.4,38.3 N,126.3 E,황해도 남천 부근 해역
1988-04-15 15:44,3.7,40.4 N,127.0 E,함경남도-평안북도 경계 지역
1988-01-24 6:46,2.9,36.2 N,129.2 E,경상북도 영일-영덕 지역
1987-10-25 13:23,3.7,37.5 N,130.1 E,강원도 동해 동쪽 약 80km 해역
1987-10-06 23:36,3.5,36.2 N,130.1 E,경상북도 포항 북동쪽 약 70km 해역
1987-10-06 7:04,3.1,35.9 N,129.9 E,경상북도 포항 동쪽 약 50km 해역
1987-09-25 0:44,2.2,37.8 N,129.1 E,강원도 양양 동쪽 해역
1987-06-13 11:32,2.8,35.3 N,126.1 E,전라남도 영광 서부해안 지역
1987-03-06 7:10,4,38.7 N,125.5 E,대동강 하구 남포 부근 지역
1986-08-11 9:52,3.5,37.1 N,126.0 E,경기도 덕적도 남서 해역
1986-07-11 16:43,3.2,34.3 N,126.9 E,전라남도 완도 동부 지역
1986-05-11 4:03,3.1,36.6 N,125.9 E,충청남도 격렬비열도 부근 해역
1986-05-10 14:02,3.1,-,-,서울 북방 약 170km 지역
1986-05-02 17:26,3,36.7 N,125.7 E,충청남도 격렬비열도 부근 해역
1986-05-02 12:44,3.4,36.6 N,125.8 E,충청남도 격렬비열도 부근 해역
1986-04-27 9:03,3.3,36.5 N,125.6 E,충청남도 격렬비열도 부근 해역
1986-04-26 4:24,3.5,36.6 N,125.5 E,충청남도 격렬비열도 부근 해역
1986-03-24 10:58,2.6,38.8 N,125.9 E,평안남도 중화군 지역
1986-03-20 16:46,3.6,34.2 N,125.1 E,전라남도 소흑산도 북부 해역
1986-03-17 11:52,3.2,35.9 N,129.5 E,경상북도 포항 남동부지역
1986-03-04 5:29,2.7,39.4 N,125.7 E,평안남도 평원군 지역
1986-02-09 7:04,3.3,35.9 N,125.8 E,전라북도 군산 서쪽 약 80km 해역
1986-02-03 16:38,2.8,35.7 N,126.9 E,전라북도 정읍 북부 지역
1986-01-19 11:20,3,33.5 N,126.4 E,제주도 애월-제주 지역
1985-12-24 15:31,2.3,-,-,서울 북방 약 176km 지역
1985-12-22 12:09,3,39.3 N,125.8 E,평안남도 대동-순천군 지역
1985-12-10 21:42,3.2,35.8 N,129.7 E,경상남도 감포 동쪽 약 20km 해역
1985-11-10 17:23,3.1,39.8 N,125.8 E,평안북도 영변군 지역
1985-11-02 2:56,2.9,36.7 N,128.9 E,경상북도 안동 북동부 지역
1985-08-08 16:47,3.1,38.4 N,125.1 E,황해도 송화군 지역
1985-08-05 19:24,2.8,39.4 N,125.9 E,평안남도 순천군 지역
1985-07-18 19:14,2.4,38.5 N,125.8 E,황해도 봉산군 지역
1985-06-26 17:19,2.6,37.3 N,126.4 E,서해중부 영흥도 부근 해역
1985-06-25 11:13,3.8,36.9 N,129.7 E,경상북도 울진 동남쪽 약 30km 해역
1985-06-25 7:29,2.8,37.3 N,126.4 E,서해중부 영흥도 부근 해역
1985-06-25 6:40,4,37.3 N,126.4 E,서해중부 영흥도 부근 해역
1985-06-20 5:03,3.3,35.9 N,128.6 E,경상북도 대구시 서부 지역
1985-06-18 13:43,2.8,38.5 N,125.8 E,황해도 봉산군 지역
1985-06-07 12:59,3.1,39.4 N,125.9 E,평안남도 순천군 지역
1985-05-27 6:23,2.4,38.3 N,125.9 E,황해도 재령군 지역
1985-05-22 17:27,2.9,38.1 N,125.6 E,황해도 벽성군 지역
1985-05-13 18:26,2.9,36.6 N,128.6 E,경상북도 안동-풍산 지역
1985-04-20 21:36,3.4,41.6 N,127.0 E,평안북도 자성-후창군 지역
1985-03-22 16:01,2.7,38.4 N,125.1 E,황해도 송화군 지역
1985-01-15 9:59,3.4,34.7 N,130.0 E,부산 남동쪽 약 100km 해역
1985-01-14 12:44,4.2,34.6 N,129.9 E,부산 남동쪽 약 90km 해역
1984-11-16 8:50,2.6,39.9 N,125.9 E,평안북도 영변군 지역
1984-11-09 21:29,2.4,35.8 N,128.5 E,경상북도 대구 서남부 지역
1984-10-10 16:30,2.9,38.9 N,125.9 E,평안남도 평양 남동부 지역
1984-08-05 7:35,2.8,37.2 N,125.0 E,서해중부 덕적군도 서쪽 해역
1984-07-19 13:57,3.9,36.0 N,125.2 E,서해남부 어청도 서쪽 해역
1984-06-25 23:53,2.2,37.0 N,126.8 E,경기도 남부 아산만 지역
1984-05-14 11:39,2.6,35.2 N,126.7 E,전남 광주 서부 지역
1984-05-11 15:00,3.2,38.6 N,125.1 E,대동강 하구 해안 지역
1984-05-04 22:05,2.6,35.1 N,126.7 E,전남 광주-금성 지역
1984-05-04 22:04,2.5,35.1 N,126.6 E,전남 금성-함평 지역
1984-04-30 11:59,3.1,39.3 N,125.7 E,평안남도 평원군 지역
1984-04-10 1:56,2.2,36.1 N,128.2 E,경상북도 김천 동부 지역
1984-03-30 13:30,2.6,39.1 N,125.9 E,평안남도 평양 북동부 지역
1984-03-21 0:15,3.2,36.8 N,126.6 E,충청남도 서산 동부 지역
1984-03-17 13:00,3,39.5 N,126.1 E,평안남도 순천-개천군 지역
1984-02-13 11:31,3.2,37.0 N,125.5 E,서해중부 목덕도 서쪽 해역
1984-01-30 13:21,2.4,39.6 N,126.2 E,평안남도 덕천군 지역
1984-01-28 13:30,2.9,37.1 N,124.6 E,서해중부 옹진반도 남서 해역
1984-01-13 17:06,3,37.4 N,129.5 E,강원도 원덕 북동 해역
1983-12-23 22:40,3,36.5 N,128.1 E,경상북도 상주 서부 지역
1983-12-21 20:10,2.3,38.2 N,126.1 E,황해도 평산군 지역
1983-12-08 3:04,2.5,36.9 N,125.6 E,서해중부 덕적군도 남서 해역
1983-10-11 13:47,3.5,38.8 N,125.7 E,평남 황해도 경계 송림부근 지역
1983-10-08 13:58,3.3,39.6 N,126.1 E,평안남도 개천-덕천군 지역
1983-09-27 13:07,2.9,38.9 N,124.9 E,평안남도 용강군 서쪽 해역
1983-09-17 12:17,4.2,38.3 N,126.1 E,황해도 멸악산 북서 지역
1983-08-21 5:13,3.5,36.4 N,126.0 E,서해중부 격렬비열도-대청도 해역
1983-08-09 13:00,2.8,39.5 N,125.9 E,평안남도 순천-안주군 지역
1983-06-21 0:52,3,36.8 N,127.5 E,충청북도 괴산 남서부 지역
1983-06-08 21:25,3.4,36.8 N,127.8 E,충청북도 괴산 남부 지역
1983-05-09 18:59,3.2,38.9 N,126.3 E,황해도 북동부 수안군 지역
1983-02-28 16:36,2.6,37.7 N,126.1 E,서해중부 강화도 서쪽 해역
1983-02-11 4:53,2.6,38.6 N,126.5 E,황해도 동부 수안-신계 지역
1983-02-08 20:57,2.9,38.0 N,124.9 E,황해도 서쪽 대동만 해역
1983-01-11 1:15,3.4,38.7 N,125.6 E,황해도 황주-송림 지역
1982-10-11 17:32,3.1,36.4 N,129.6 E,경상북도 포항 북동쪽 약 40km 해역
1982-08-31 20:49,3.2,37.1 N,126.0 E,서해중부 덕적군도 서쪽 해역
1982-08-29 15:34,3.5,37.1 N,126.0 E,서해중부 덕적군도 서쪽 해역
1982-08-29 15:29,3.3,37.1 N,125.9 E,서해중부 덕적군도 서쪽 해역
1982-08-29 3:18,4,37.2 N,125.9 E,서해중부 덕적군도 서쪽 해역
1982-05-27 19:21,3.5,38.6 N,125.8 E,황해도 사리원-황주 지역
1982-03-30 6:13,3,36.4 N,127.6 E,충남 대전시 북동부 지역
1982-03-28 1:04,3.6,37.6 N,125.3 E,황해도 옹진군 남부 연안 해역
1982-03-01 0:28,4.7,37.2 N,129.8 E,경북 울진 북동쪽 약 45km 해역
1982-02-25 19:14,3.4,38.8 N,125.7 E,평남 황해도 경계 중화-송림 지역
1982-02-24 23:27,2.6,36.1 N,127.5 E,충청남도 금산군 지역
1982-02-14 23:37,4.5,38.3 N,125.7 E,황해도 사리원 남서부 지역
1982-02-12 6:48,2.7,34.5 N,128.2 E,남해동부 욕지도 부근 해역
1981-12-03 12:25,3,38.9 N,125.9 E,평안남도 중화군 지역
1981-10-10 0:17,2.6,37.3 N,128.7 E,강원도 정선군지역
1981-09-25 3:18,3.4,39.7 N,125.5 E,평안북도 박천군 지역
1981-09-23 8:13,3.5,36.9 N,126.3 E,충청남도 서산군 북부 지역
1981-09-06 12:59,2.6,39.6 N,126.6 E,평안남도 맹산-영흥군 지역
1981-08-27 21:35,3.5,35.8 N,129.8 E,경상북도 포항 동남동쪽 약 50km 해역
1981-06-14 20:57,2.8,37.8 N,125.7 E,서해중부 해주만 해역
1981-06-10 12:59,3,39.5 N,125.8 E,평안남도 순천-안주군 지역
1981-05-21 18:09,3,38.7 N,126.1 E,평남 황해도 경계 지역
1981-05-19 13:59,2.8,39.4 N,125.6 E,평안남도 평원군 지역
1981-04-15 11:47,4.8,35.9 N,130.1 E,경상북도 포항 동쪽 약 65km 해역
1981-04-06 18:42,3.7,38.9 N,125.4 E,평안남도 강성-용강군 지역
1981-04-03 18:39,2.6,36.0 N,128.9 E,경상북도 영천-팔공산 지역
1981-03-10 15:24,3,38.9 N,125.7 E,평안남도 중화군 지역
1981-01-02 19:08,3.5,39.7 N,124.8 E,평안북도 서쪽 인근 해역
1980-12-29 13:00,2.8,39.8 N,126.4 E,평안북도 박천군 지역
1980-12-24 21:38,2.7,36.0 N,128.6 E,경북 칠곡 지역
1980-12-23 7:04,2.5,38.2 N,129.4 E,강원도 강릉 북동쪽 약 60km 해역
1980-12-06 0:08,2.8,38.4 N,126.1 E,황해도 서흥 지역
1980-12-01 20:46,3,40.7 N,127.2 E,함경남도 장진군 지역
1980-12-01 13:29,3.5,40.7 N,127.2 E,함경남도 장진군 지역
1980-11-28 14:27,2.7,38.8 N,125.6 E,평안남도 황해도 경계 송림 지역
1980-11-28 12:59,2.6,39.4 N,125.8 E,평안남도 순천군 지역
1980-09-25 13:00,2.6,39.5 N,126.0 E,평안남도 순천군 지역
1980-08-23 11:24,2.5,37.1 N,125.3 E,서해중부 덕적군도 해역
1980-07-26 5:59,3.5,38.8 N,125.7 E,평남 황해도 경계 송림-중화 지역
1980-06-30 23:00,3.6,34.0 N,126.0 E,남해 해역
1980-06-30 13:29,2.8,39.4 N,125.7 E,평안남도 순천 서부 지역
1980-05-15 14:43,3.1,38.3 N,125.7 E,황해도 재령 지역
1980-01-08 8:44,5.3,40.2 N,125.0 E,평안북도 서부 의주-삭주-귀성 지역
1979-12-25 16:55,3.2,38.8 N,126.3 E,황해도 북동부 수안 부근 지역
1979-12-20 15:07,3,36.2 N,127.3 E,충청남도 대전 남서부 지역
1979-12-19 7:32,3.5,35.4 N,127.5 E,전라북도 남원 남동부 지역
1979-11-19 4:13,3.2,35.9 N,126.1 E,전라북도 군산 서쪽 약 50km 해역
1979-10-27 12:59,3.7,39.5 N,125.7 E,평안남도 순천 서부 지역
1979-10-10 6:59,3.1,38.9 N,125.7 E,평안남도 평양 남서부 지역
1979-08-30 0:39,3,38.3 N,127.9 E,강원도 중북부 지역
1979-08-24 8:30,3.8,36.6 N,124.0 E,서해 중부 해역
1979-08-18 16:34,2.4,37.0 N,126.4 E,충청남도 태안반도 북부 지역
1979-08-14 10:05,2.5,39.5 N,125.8 E,평안남도 서부 지역
1979-08-13 12:12,3.5,36.3 N,128.5 E,경상북도 의성-구미 지역
1979-04-24 5:44,3,36.8 N,128.5 E,경상북도 영주-예천 지역
1979-04-09 8:49,3.3,39.7 N,125.7 E,평안남도 북부 지역
1979-03-12 11:09,3.8,36.6 N,126.7 E,충청남도 홍성읍
1979-02-24 19:00,2.9,36.6 N,126.7 E,충청남도 홍성읍
1979-02-24 14:44,2.7,38.3 N,125.1 E,황해도 서부 지역
1979-02-08 8:52,4,36.6 N,126.7 E,충청남도 홍성읍
1979-02-04 9:29,3.7,38.4 N,125.7 E,황해도 재령 지역
1979-01-30 0:33,3,36.1 N,128.3 E,경상북도 구미 지역
1979-01-29 10:06,3.3,38.3 N,126.0 E,황해도 중부 지역
1979-01-24 0:40,3,35.7 N,126.0 E,전북 변산반도 서쪽 약 40km 해역
1979-01-01 0:11,2.9,36.6 N,126.7 E,충청남도 홍성읍
1978-12-12 21:58,3.3,35.9 N,126.3 E,전북 군산 서쪽 약 40km 해역
1978-12-04 15:16,2.8,37.4 N,128.7 E,강원도 정선 지역
1978-11-23 11:06,4.6,38.4 N,125.6 E,황해도 재령지역
1978-10-07 18:19,5,36.6 N,126.7 E,충남 홍성읍
1978-09-16 2:07,5.2,36.6 N,127.9 E,충북 속리산 부근 지역
1978-08-30 2:29,4.5,39.1 N,124.2 E,평남 서부 해역
